pers,type,dt,count
Aaron,OT,1638,1
Aaron,OT,1653,1
Abel,OT,1609,1
Abel,OT,1637,1
Abel,OT,1641,1
Abel,OT,1643,1
Abigail,OT,1516,1
Abimelech,OT,1657,1
Abraham,OT,1549,1
Abraham,OT,1582,1
Abraham,OT,1594,1
Abraham,OT,1622,1
Abraham,OT,1627,1
Abraham,OT,1634,1
Abraham,OT,1646,2
Abraham Ortelius,person,1597,1
Absalom,OT,1491,1
Abundatia,---,1657,1
Achaemenides,---,1682,1
Achan,OT,1613,1
Achelous,---,1641,1
Achilles,---,1624,1
Achilles,---,1642,1
Achilles,---,1646,2
Achilles,---,1648,1
Achior,OT,1651,1
Acis,---,1585,1
Actaeon,---,1511,1
Actaeon,---,1643,1
Actaeon,---,1656,1
Actor,Prof,1656,1
Adah,OT,1665,1
Adam,OT,1583,1
Adam,OT,1585,3
Adam,OT,1589,1
Adam,OT,1597,1
Adam,OT,1637,1
Adam,OT,1642,1
Adam,OT,1643,2
Adam,OT,1650,1
Adam,OT,1651,1
Adam,OT,1672,1
Adam,OT,1673,1
Adonis,---,1608,1
Adonis,---,1635,1
Adonis,---,1643,1
Adonis,---,1648,1
Adonis,---,1656,1
Adonis,---,1660,1
Adoram,OT,1688,1
Aeacus,---,1635,1
Aegisthus,---,1585,1
Aeneas,NT,1565,1
Aeneas,NT,1585,1
Aeneas,NT,1590,1
Aeneas,NT,1600,1
Aeneas,NT,1608,1
Aeneas,NT,1619,1
Aeneas,NT,1620,1
Aeneas,NT,1644,1
Aeneas,NT,1648,2
Aeneas,NT,1667,1
Aeneas,NT,1672,1
Aeneas,NT,1682,1
Aeneas,NT,1683,1
Aeneas,NT,1692,1
Agamemnon,---,1585,1
Agamemnon,---,1646,1
Aglauros,---,1639,1
Aglauros,---,1651,1
Agrippa,NT,1504,1
Ahab,---,1636,1
Ahasuerus,OT,1591,1
Ahasuerus,OT,1649,1
Ahasuerus (Xerxes),---,1576,1
Ahasuerus (Xerxes),---,1621,1
Ahijah,OT,1585,1
Ahmed I,person,1623,1
Albrecht Dürer,person,1630,1
Alcmena,---,1585,1
Alexander,---,1570,1
Alexander,---,1585,1
Alexander,---,1695,1
Alexander,---,1734,1
Alexander the Great,OT,1585,1
Alexander the Great,OT,1642,1
Alexander the Great,OT,1695,1
Algerian woman,Woman,1635,1
Aman,OT,1573,1
Amata,---,1622,1
Amazons,---,1579,1
Amazons,---,1649,1
Amor (love),---,1686,1
Amos,OT,1586,1
Amphitryon,---,1585,1
Amymone,---,1585,1
Ananias,NT,1598,1
Anchises,---,1585,1
Anchises,---,1600,1
Anchises,---,1617,1
Anchises,---,1648,1
Anchises,---,1667,1
Anchises,---,1672,1
Anchises,---,1692,1
Andromache,---,1608,1
Angel,---,1585,1
Angel of the Annunciation,NT,1664,1
Angels,---,1695,1
Anius,---,1565,1
Anna,NT,1643,1
Anna,NT,1646,1
Anna,NT,1695,1
Annas,NT,1682,1
Anne of Austria,person,1589,1
Anne of England,person,1616,1
"Anthony Ashley Cooper, first Earl of Shaftesbury",person,1549,1
Anthony Shirley,person,1525,1
Antiope,---,1598,1
Antiope,---,1641,2
Antiphates,---,1672,1
Antonin Dreux d'Aubray,person,1589,1
Aphrodite,---,1663,1
Apollo,---,1585,1
Apollo,---,1589,2
Apollo,---,1605,1
Apollo,---,1611,1
Apollo,---,1627,1
Apollo,---,1636,1
Apollo,---,1638,1
Apollo,---,1642,2
Apollo,---,1643,3
Apollo,---,1645,1
Apollo,---,1648,1
Apollo,---,1650,2
Apollo,---,1652,1
Apollo,---,1658,1
Apollo,---,1665,1
Apollo,---,1683,1
Apollo,---,1691,1
Apollo,---,1727,1
Apostles,---,1518,1
Apostles,---,1552,1
Apostles,---,1588,1
Apostles,---,1597,1
Apostles,---,1647,1
Apostles,---,1650,1
Apulian shepherd,Prof,1551,1
Aquarius,---,1656,1
Arcas,---,1652,1
Archangel Gabriel,---,1622,1
Archangel Gabriel,---,1634,1
Archangel Raphael,---,1585,1
Argus,---,1640,1
Argus,---,1642,1
Argus,---,1644,1
Argus,---,1646,1
Argus,---,1655,1
Ariadne,---,1497,1
Ariadne,---,1641,1
Ariadne,---,1652,1
Arithmetic,Personification,1695,1
Arsames,person,1582,1
Artaxerxes III,person,1644,1
Artemis,---,1663,1
Ascanius,---,1648,1
Ascanius,---,1692,1
Asclepius,---,1638,1
Asclepius,---,1727,1
"Asher, Patriarch of Israel",---,1585,1
Assyrian army,Nation,1511,1
Assyrian army,Nation,1741,1
Assyrians,Nation,1604,1
Assyrians,Nation,1695,1
Astrology,Personification,1609,1
Atalanta,---,1585,1
Ataxerxes I,person,1641,1
Athaliah,OT,1602,1
Athena,---,1589,1
Athena,---,1608,1
Athena,---,1625,1
Athena,---,1645,1
Athena,---,1646,1
Athena,---,1651,1
Athena,---,1663,1
Athena,---,1667,1
Atlas,---,1616,1
Atlas,---,1650,1
Augustin Wichmann,person,1646,1
Augustus,NT,1639,1
Aunus,---,1579,1
Aurora,---,1585,1
Autumn,Personification,1641,1
Avarita,---,1594,1
Baal,---,1586,1
Baal,---,1620,1
Babylonian soldiers,Prof,1707,1
Bacchus,---,1497,1
Bacchus,---,1639,1
Bacchus,---,1640,3
Bacchus,---,1641,2
Bacchus,---,1643,1
Bacchus,---,1645,1
Bacchus,---,1646,1
Bacchus,---,1657,1
Bacchus,---,1676,1
Baccio Bandinelli,person,1585,1
Balaam,OT,1688,1
"Balak, the King of Moab",OT,1688,1
Baligni's garrison,---,1635,1
Baptist,---,1580,1
Baptist,---,1608,1
Baptist,---,1632,1
Baptist,---,1641,2
Baptist,---,1662,1
Baptist,---,1692,1
Barak,OT,1688,1
Barnabas,---,1634,1
Bartholomeus Spranger,person,1586,1
Basket weaver,Prof,1586,1
Bathsheba,OT,1660,1
Battus,---,1683,1
Baur,person,1656,1
Bellows maker,Prof,1555,1
Benedetto Varchi,person,1656,1
Benedictine monk,Prof,1650,2
Bildad,OT,1619,1
Black King,person,1728,1
Black king,---,1610,1
Blacksmith,OT,1585,1
Blind Fury,---,1646,1
Boaz,OT,1586,1
Bohemian noblewoman,Woman,1671,1
Book binder,Prof,1602,1
Book printer,Prof,1553,1
Briareus three-headed king,---,1648,1
Bride,---,1623,1
Briseis,---,1646,1
Bucephalus,---,1570,1
Bucephalus,---,1585,1
Bucephalus,---,1734,1
Buda,---,1648,1
Bull,---,1617,1
C Appelton,---,1635,1
Cadmus,---,1511,1
Cadmus,---,1605,1
Caesar,---,1575,1
Caesar,---,1582,1
Cain,OT,1609,1
Cain,OT,1637,1
Cain,OT,1641,2
Cain,OT,1643,1
Callisto,---,1641,1
Callisto,---,1642,1
Callisto,---,1650,1
Callisto,---,1652,1
Cambyses,---,1688,1
Camilla,---,1579,1
Camma,person,1589,1
Cao Zhi,person,1666,1
"Cardinal Albert, governor of the Spanish Netherlands",person,1640,1
Cardinals,---,1643,1
Carolus Clusius,person,1622,1
Carpenter,Prof,1620,1
Carthaginians,Nation,1585,1
Carthusian monk,Prof,1589,1
Carthusian monk,Prof,1593,1
Cassandra,---,1585,1
Cassiopeia,---,1626,1
Catherine of Braganza,person,1590,1
Catherine of Braganza,person,1630,1
Cato the Elder,person,1643,1
Centaurs,---,1649,1
Cephalus,---,1585,1
Cephalus,---,1620,1
Cephalus,---,1636,1
Cephalus,---,1651,1
Cerberus,---,1639,1
Cerberus,---,1652,1
Ceres,---,1555,1
Ceres,---,1589,1
Ceres,---,1643,2
Chair maker,Prof,1688,1
Chandler,Prof,1530,1
Chares of Lyndus,person,1585,1
Charitas,Personification,1728,1
Charitas (Charity),Personification,1575,1
Charitas (Charity),Personification,1631,1
Charitas (Charity),Personification,1663,1
Charity,---,1643,1
Charles I,person,1585,2
Charles I,person,1610,1
Charles I,person,1641,1
Charles I,person,1667,1
Charles I as Prince of Wales,person,1548,1
Charles I as Prince of Wales,person,1600,1
Charles I as Prince of Wales,person,1650,1
"Charles I, when Prince of England",---,1585,1
Charles II,person,1585,1
Charles II,person,1590,1
Charles II,person,1688,1
Charles II of Spain,person,1579,1
Charles III de Bourbon,person,1664,1
Charles IV,person,1734,1
Charles V of Lorraine,person,1589,1
Charles V of Lorraine,person,1642,1
"Charles V, duke of Lorraine",---,1582,1
Charles de Longueval,person,1615,1
"Charles de Longueval, Comte de Bucquoy",---,1585,1
Child,---,1600,1
Child,---,1605,1
Child Christ,---,1511,1
Child Christ,---,1608,1
Child Christ,---,1641,2
Child Christ,---,1642,1
Child Christ,---,1643,1
Child Christ,---,1644,1
Child Christ,---,1645,1
Child Christ,---,1646,1
Child Christ,---,1656,1
Child Christ,---,1662,1
Child Christ,---,1677,1
Child Christ,---,1679,1
Child Christ,---,1692,1
Child Christ,---,1736,1
Chimaera,---,1648,1
Chiron,---,1638,1
Chloris,---,1573,1
Christ,NT,1498,1
Christ,NT,1501,1
Christ,NT,1509,1
Christ,NT,1520,1
Christ,NT,1526,1
Christ,NT,1528,1
Christ,NT,1540,1
Christ,NT,1545,1
Christ,NT,1551,1
Christ,NT,1552,2
Christ,NT,1559,1
Christ,NT,1560,1
Christ,NT,1561,1
Christ,NT,1562,1
Christ,NT,1565,1
Christ,NT,1566,2
Christ,NT,1567,1
Christ,NT,1573,1
Christ,NT,1575,4
Christ,NT,1576,1
Christ,NT,1577,1
Christ,NT,1583,1
Christ,NT,1585,17
Christ,NT,1586,4
Christ,NT,1588,2
Christ,NT,1589,1
Christ,NT,1590,2
Christ,NT,1592,1
Christ,NT,1593,3
Christ,NT,1594,1
Christ,NT,1596,1
Christ,NT,1597,2
Christ,NT,1598,1
Christ,NT,1599,3
Christ,NT,1600,1
Christ,NT,1601,1
Christ,NT,1605,3
Christ,NT,1606,1
Christ,NT,1608,1
Christ,NT,1615,2
Christ,NT,1617,1
Christ,NT,1618,3
Christ,NT,1619,1
Christ,NT,1620,1
Christ,NT,1622,3
Christ,NT,1628,1
Christ,NT,1629,1
Christ,NT,1630,2
Christ,NT,1634,7
Christ,NT,1637,1
Christ,NT,1641,8
Christ,NT,1642,1
Christ,NT,1643,4
Christ,NT,1644,2
Christ,NT,1645,1
Christ,NT,1646,2
Christ,NT,1647,1
Christ,NT,1649,1
Christ,NT,1650,6
Christ,NT,1651,3
Christ,NT,1652,2
Christ,NT,1656,3
Christ,NT,1657,2
Christ,NT,1665,1
Christ,NT,1667,2
Christ,NT,1671,1
Christ,NT,1672,4
Christ,NT,1673,2
Christ,NT,1674,1
Christ,NT,1678,1
Christ,NT,1682,1
Christ,NT,1688,6
Christ,NT,1695,8
Christ,NT,1732,1
Christ,NT,1746,1
Christ (Child),---,1695,1
Christ (child),---,1585,1
Christ Child,NT,1551,1
Christ Child,NT,1580,1
Christ Child,NT,1581,1
Christ Child,NT,1582,2
Christ Child,NT,1583,1
Christ Child,NT,1585,4
Christ Child,NT,1610,1
Christ Child,NT,1615,1
Christ Child,NT,1616,1
Christ Child,NT,1618,1
Christ Child,NT,1631,1
Christ Child,NT,1635,1
Christ Child,NT,1639,1
Christ Child,NT,1640,1
Christ Child,NT,1641,1
Christ Child,NT,1643,1
Christ Child,NT,1644,1
Christ Child,NT,1645,1
Christ Child,NT,1647,1
Christ Child,NT,1648,1
Christ Child,NT,1654,1
Christ Child,NT,1656,1
Christ Child,NT,1657,1
Christ Child,NT,1673,1
Christ Child,NT,1694,1
Christ Child,NT,1695,2
Christ Child,NT,1707,1
Christ Child,NT,1718,1
Christ Child,NT,1724,1
Christ Child,NT,1728,1
Christ Child,NT,1736,1
Christ Child,NT,1737,1
Christ child,---,1552,1
Christ child,---,1573,1
Christ child,---,1575,1
Christ child,---,1579,1
Christ child,---,1585,4
Christ child,---,1589,2
Christ child,---,1604,1
Christ child,---,1616,1
Christ child,---,1622,1
Christ child,---,1630,2
Christ child,---,1646,2
Christ child,---,1647,1
Christ child,---,1649,1
Christ child,---,1662,1
Christ child,---,1695,2
Christ child,---,1719,1
Christ's ministers,---,1579,1
Christoph Guarinonius Fontanus,person,1640,1
Christoph Harant,person,1583,1
Cicero,---,1659,1
Circe,---,1600,1
Circe,---,1615,1
Cistercian monks,---,1695,1
Claude Deruet,person,1646,1
Cleitus,---,1585,1
Cleopatra,---,1649,1
Cleopatra,---,1727,1
Clio,---,1672,1
Clock maker,Prof,1667,1
Cloelia,person,1640,1
Cloth shearer,Prof,1555,1
Comb maker,Prof,1584,1
Commander,Prof,1503,1
Concordia,---,1646,1
Coniuror,Prof,1605,1
Constantijn Huygens,person,1513,1
Constantine,---,1672,1
Constantine V,person,1623,1
Cornelius,NT,1565,1
Cornelius,NT,1695,2
Coronis,---,1585,1
Coronis,---,1611,1
Coronis,---,1643,1
Corregio,person,1649,1
Corvinus,Animal,1659,1
Cosimo I,person,1608,1
Cosimo I de' Medici,person,1695,1
Cosimo II,person,1664,1
Count Adolf van Nieuwenaar,person,1514,1
Couples,---,1650,1
Cow,Animal,1642,1
Creusa,---,1600,1
Creusa,---,1672,1
"Croesus, king of Lydia",person,1616,1
Crossbowman,Prof,1657,1
Cunning,Personification,1648,1
Cupid,---,1573,2
Cupid,---,1594,1
Cupid,---,1608,1
Cupid,---,1617,1
Cupid,---,1636,1
Cupid,---,1639,1
Cupid,---,1641,2
Cupid,---,1642,1
Cupid,---,1643,3
Cupid,---,1644,2
Cupid,---,1649,2
Cupid,---,1650,1
Cupid,---,1651,1
Cupid,---,1655,1
Cupid,---,1656,1
Cupid,---,1657,1
Cupid,---,1660,1
Cupid,---,1667,1
Cupid,---,1672,2
Cupid,---,1676,1
Cupid,---,1693,1
Cupid,---,1727,1
Cupids,---,1648,1
Cupids,---,1650,1
Cybele,---,1666,1
Cyclops,---,1648,1
Cygnus,Animal,1622,1
Cyparissus,---,1691,1
Cyrus,OT,1543,1
Cyrus,OT,1592,1
Cyrus,OT,1594,1
"Cyrus, King of Persia",---,1736,1
Dacia,---,1634,1
Damocles,person,1526,1
"Dan, Patriarch of Israel",---,1641,1
Danae,---,1638,1
Daniel,---,1543,2
Daniel,---,1592,1
Daniel,---,1594,1
Daniel,---,1695,1
Daniel,---,1719,1
Daniel Heinsius,person,1608,1
"Daniel, Oliver Cromwell's porter",person,1665,1
Daphne,---,1652,1
Daphne,---,1665,1
Darius,person,1695,1
Darius II,person,1592,1
Darius III,OT,1622,1
David,---,1516,1
David,---,1551,1
David,---,1585,2
David,---,1635,1
David,---,1641,1
David,---,1642,1
David,---,1643,1
David,---,1646,1
David,---,1660,1
David,---,1675,1
David,---,1735,1
David Teniers the Younger,person,1676,1
Death,Personification,1564,1
Death,Personification,1568,1
Death,Personification,1585,1
Death,Personification,1589,2
Death,Personification,1590,1
Death,Personification,1611,1
Death,Personification,1623,1
Death,Personification,1641,3
Death,Personification,1650,1
Death,Personification,1672,1
Death,Personification,1695,3
Decalogue,OT,1672,1
Deianira,---,1638,1
Deidamia,---,1648,1
Delphic Sybil,Sibyl,1618,1
Desiderius Erasmus,person,1585,1
Deucalion,---,1618,1
Devil,---,1642,1
Dialectica,Personification,1592,1
Dialectics,---,1640,1
Diamond grinder,Prof,1585,1
Diana,---,1511,1
Diana,---,1636,1
Diana,---,1637,1
Diana,---,1640,1
Diana,---,1641,2
Diana,---,1642,2
Diana,---,1643,1
Diana,---,1645,1
Diana,---,1646,1
Diana,---,1656,1
Dido,---,1601,1
Dido,---,1620,1
Dido,---,1672,1
Dies (Day),Personification,1650,1
Dinah,OT,1578,1
Diomedes,---,1648,1
Dionysius,NT,1526,1
Dirce,---,1617,1
Discord,Personification,1646,1
Dominican monk,Prof,1620,1
Dr James Usher,person,1585,1
Duke of Savoy,person,1574,1
Dwarf,---,1640,1
Dwarf,---,1642,1
Dwarf,---,1645,1
Dwarf,---,1646,1
Dwarf,---,1649,1
Dwarf,---,1657,1
Dwarf,---,1672,1
Earl of Pembroke,person,1654,1
Earth,Personification,1672,1
Edna,OT,1511,1
Edward V,person,1695,1
Edward VI,person,1585,1
Edward the Confessor,person,1596,1
Eglon,OT,1729,1
Egyptian army,Nation,1574,1
Egyptian sphinx,---,1590,1
Egyptians,Nation,1638,1
Elders,---,1616,1
Elders,---,1652,1
Elders,---,1719,1
Eliezer,OT,1641,1
Elijah,OT,1573,1
Elijah,OT,1585,1
Elijah,OT,1636,1
Elijah,OT,1643,1
Elijah,OT,1746,1
Eliphaz,OT,1619,1
Elisha,OT,1585,1
Elizabeth of Bohemia,person,1595,1
Elpenor,---,1615,1
Elymas,NT,1615,1
Elymas,NT,1650,1
Emperor Constantine,person,1552,1
Emperor Maximilian,person,1599,1
English gentlewoman,Woman,1585,1
English lady,Woman,1504,1
English lady,Woman,1543,1
English lady,Woman,1548,1
English lady,Woman,1577,1
English lady,Woman,1583,1
English lady,Woman,1585,1
English lady,Woman,1619,1
English lady,Woman,1639,1
English lady,Woman,1641,1
English lady,Woman,1695,1
Envy,---,1594,1
Envy,---,1639,1
Envy,---,1643,1
Envy,---,1754,1
Eros,---,1643,1
Erysichthon,---,1643,1
Esdras (Ezdra),---,1592,1
Esther,OT,1576,1
Esther,OT,1591,1
Esther,OT,1621,1
Esther,OT,1649,1
Ethiopians,Nation,1594,1
Europa,---,1585,1
Europa,---,1635,1
Europa,---,1643,1
Europa,---,1740,1
Europe,---,1703,1
Euryalus,---,1678,1
Eurynome,---,1650,1
Eutychus,NT,1627,1
Evangelists,NT,1643,1
Evangelists,NT,1670,1
Eve,OT,1583,1
Eve,OT,1585,3
Eve,OT,1589,1
Eve,OT,1597,1
Eve,OT,1637,1
Eve,OT,1642,1
Eve,OT,1643,2
Eve,OT,1650,1
Eve,OT,1651,1
Eve,OT,1672,1
Eve,OT,1673,1
Ezra,OT,1585,1
"Fadrique Álvarez de Toledo, 4th Duke of Alba",person,1577,1
Faith,---,1695,1
Fame,Personification,1585,1
Fame,Personification,1589,1
Fame,Personification,1625,1
Fame,Personification,1635,1
Fame,Personification,1672,1
Father Felice,person,1646,1
Father Time,---,1634,1
Father Time,---,1642,1
Father Time,---,1695,1
Faustina the Younger,person,1642,1
"Ferdinand, Prince of Spain",person,1614,1
Festus,NT,1504,1
Fides,---,1512,1
Fides,---,1728,1
Fides (Faith),---,1564,1
Fides (Faith),---,1575,1
Fides (Faith),---,1585,1
Figure of Rome,---,1603,1
Figures,---,1630,1
Fisherman,---,1667,1
Florentine noble couple,Nation,1673,1
Fortitude,Personification,1729,1
Four Winds,---,1605,1
France,Personification,1589,1
Francesco Filetto,person,1692,1
Francis Glisson,person,1600,1
Franciscan monk,Prof,1545,1
Franciscan monks,---,1672,1
Frederick III of Saxony,person,1550,1
French troops,Nation,1639,1
Friedrich Wilhelm,person,1585,1
Gabriel,OT,1598,1
Gabriel,OT,1618,1
Gabriel,OT,1635,1
Gabriel,OT,1656,1
Gabriel,OT,1695,1
Gabriele Ciabrera,person,1582,1
"Gad, Patriarch of Israel",OT,1586,1
Galatea,---,1573,1
Galatea,---,1590,1
Galatea,---,1630,1
Galba,person,1659,1
Gamesters,---,1585,1
Gardener,Prof,1597,1
Geminiano Caldarostaro,person,1668,1
Gentleness,Personification,1585,1
Geometria,Personification,1618,1
"Georg Friedrich, Margrave of Baden-Durlach",person,1695,1
Georg Pflug von Peterstein,person,1551,1
George Edwards,person,1656,1
"George Villiers, 2nd Duke of Buckingham",person,1646,1
Gerrit Jansz. van Schooten,person,1585,1
Gerrit de Jong,person,1582,1
Gideon,OT,1526,1
Gideon,OT,1582,1
Gideon,OT,1592,1
Gideon,OT,1601,1
Gideon,OT,1622,1
Gideon,OT,1641,1
Gideon,OT,1669,1
Gideon,OT,1695,1
Gideon's army,OT,1585,1
Gilbertine monk,Prof,1585,1
Giorgione as David,---,1725,1
"Giovanni Baglione, as a Knight of Malta",person,1585,1
Giovanni Battista Marino,person,1615,1
Giovanni de' Medici,person,1641,1
Gladiators,---,1622,1
Glass blower,Prof,1644,1
Glory,NT,1642,1
Glory,NT,1664,1
Glue maker,Prof,1594,1
Goatherd,Prof,1640,1
Goatherd,Prof,1641,1
Goats,---,1640,1
God,---,1566,1
God,---,1574,1
God,---,1575,1
God,---,1585,1
God,---,1589,1
God,---,1592,1
God,---,1618,1
God,---,1637,1
God,---,1641,2
God,---,1642,1
God,---,1643,1
God,---,1649,1
God,---,1674,1
God,---,1688,1
God the Father,---,1545,1
God the Father,---,1585,2
God the Father,---,1622,1
God the Father,---,1646,1
God the Father,---,1651,1
God the Father,---,1656,1
God the Father,---,1695,2
God the Father,---,1705,1
God the father,---,1605,1
God the Father,---,1618,1
Godfrey of Bouillon,person,1585,1
Goldbeater,Prof,1695,1
Goliath,OT,1585,2
Goliath,OT,1641,1
Goliath,OT,1642,1
Goliath,OT,1725,1
Gonzales de Córdoba,person,1641,1
Gottfried-Heinrich,person,1551,1
Grammar,Personification,1645,1
Grammar,Personification,1695,1
Greek soldiers,Prof,1688,1
Greek woman,Woman,1734,1
Griet Luiten,person,1682,1
Grim Reaper,---,1543,1
Grim Reaper,---,1639,1
Grocer,Prof,1688,1
Guardian Angel,---,1641,1
Guercino,person,1549,1
"Guillaume Ancel, French ambassador in Prague",person,1573,1
Hagar,OT,1582,1
Hagar,OT,1589,1
Hagar,OT,1627,1
Hagar,OT,1634,1
Hagar,OT,1695,1
Hamor,---,1578,1
Hamor,---,1618,1
Hannibal,person,1603,1
Hans (John) Wormbergh,person,1641,1
Hans Bol,person,1543,1
Hans De Ries,person,1554,1
Hans Holbein,person,1695,1
Hans Holbein the Younger,person,1573,1
Harboldius van Tombergen,person,1688,1
Harlequin,person,1589,1
Hearing,Personification,1585,1
Hecuba,---,1585,1
Helenus,---,1608,1
Helios,---,1650,1
Helios,---,1734,1
Hendrick van der Borcht the Younger,person,1649,1
Hendrik van der Borcht the Elder,person,1588,1
"Henri II de Lorraine, Duke of Guise",person,1585,1
Henrietta Maria,person,1592,1
"Henry Frederick, Prince of Wales",person,1585,1
Henry II,person,1587,1
Henry III,person,1679,1
Henry IV,person,1635,1
"Henry Stuart, Lord Darnley",person,1511,1
Henry VIII,person,1592,1
Henry VIII,person,1635,1
Henry VIII,person,1688,1
Hera,---,1640,1
Hera,---,1648,1
Hercules,---,1585,1
Hercules,---,1589,1
Hercules,---,1608,1
Hercules,---,1616,1
Hercules,---,1625,1
Hercules,---,1638,1
Hercules,---,1641,2
Hercules,---,1642,1
Hercules,---,1649,1
Hercules,---,1652,1
Hercules,---,1657,1
Hercules,---,1679,1
Hercules,---,1688,1
Hercules,---,1724,1
Heresy,Personification,1543,1
Hermaphroditus,---,1512,1
Hermaphroditus,---,1639,1
Hermaphroditus,---,1645,1
Hermes,---,1646,1
Hero,---,1585,1
Herod,NT,1586,1
Herod,NT,1643,1
Herod,NT,1683,1
Herod,NT,1703,1
Herod's soldiers,NT,1606,1
Herodes,NT,1630,1
Herodias,NT,1630,1
Herodias,NT,1703,1
Herodias,NT,1726,1
Herse,---,1639,1
Hersilia,---,1651,1
Hesperides,---,1585,1
Hezekiah,---,1579,1
High Priest,Prof,1586,1
Hippolytus,---,1556,1
Hippolytus,---,1587,1
Holofernes,OT,1585,1
Holofernes,OT,1622,1
Holofernes,OT,1643,1
Holofernes,OT,1647,1
Holofernes,OT,1651,1
Holofernes,OT,1661,1
Holofernes,OT,1686,1
Holy Dove,---,1605,1
Holy Family,---,1504,1
Holy Family,---,1513,1
Holy Family,---,1526,1
Holy Family,---,1549,1
Holy Family,---,1582,1
Holy Family,---,1585,1
Holy Family,---,1589,1
Holy Family,---,1615,1
Holy Family,---,1616,1
Holy Family,---,1619,1
Holy Family,---,1632,1
Holy Family,---,1634,1
Holy Family,---,1641,3
Holy Family,---,1643,1
Holy Family,---,1644,1
Holy Family,---,1645,2
Holy Family,---,1646,2
Holy Family,---,1648,1
Holy Family,---,1650,1
Holy Family,---,1672,1
Holy Family,---,1692,1
Holy Family,---,1718,1
Holy Ghost,---,1656,1
Holy Roman Emperor,person,1589,1
Holy Spirit,---,1589,1
Holy Spirit,---,1622,2
Holy Spirit,---,1634,1
Holy Spirit,---,1635,2
Holy Spirit,---,1652,1
Holy Spirit,---,1657,1
Holy Spirit,---,1670,1
Holy Spirit,---,1674,1
Holy Spirit,---,1695,1
Holy Trinity,---,1585,1
Holy Trinity,---,1653,1
Holy Trinity,---,1674,1
Holy Woman,---,1606,1
Holy family,---,1565,2
Holy family,---,1573,1
Holy family,---,1616,1
Holy family,---,1665,1
Holy women,---,1585,1
Hugo Grotius,person,1675,1
Hulst,---,1640,1
Humility,---,1695,1
Hungarian woman,Woman,1616,1
Hydra,---,1648,1
Ian Schuners,person,1682,1
Immortal (xian),---,1600,1
Imperial cavalry,---,1618,1
Infant Adonis,---,1514,1
Infant Christ,---,1530,1
Infant Christ,---,1615,1
Infant St John the Baptist,---,1589,1
Invidia,---,1574,1
Io,---,1648,1
Io,---,1651,1
Iohn Diodati,person,1585,1
Iole,---,1589,1
Iris,---,1651,1
Iris,---,1672,1
Irish woman,Woman,1624,1
Isaac,OT,1549,1
Isabella d'Este,person,1620,1
Ishmael,OT,1589,1
Ishmael,OT,1627,1
Ishmael,OT,1634,1
Ishmael,OT,1695,1
Israelite army,Nation,1511,1
Israelite army,Nation,1649,1
Israelite army,Nation,1741,1
Israelites,Nation,1574,1
Israelites,Nation,1586,1
Israelites,Nation,1592,2
Israelites,Nation,1594,1
Israelites,Nation,1609,1
Israelites,Nation,1613,1
Israelites,Nation,1619,1
Israelites,Nation,1638,1
Israelites,Nation,1647,1
Israelites,Nation,1649,1
Israelites,Nation,1651,2
Israelites,Nation,1688,2
"Issachar, Patriarch of Israel",OT,1643,1
Ithacan rebels,Nation,1647,1
Itys,---,1577,1
Iustitia,---,1601,1
Ixion,---,1652,1
Jacob,OT,1578,1
Jacob,OT,1642,2
Jacob,OT,1644,1
Jacob,OT,1646,1
Jacob Roelants,person,1608,1
Jacques Barrelier,person,1645,1
Jael,OT,1688,1
Jair,OT,1526,1
James,---,1746,1
James I,person,1592,1
James I,person,1609,2
James I,person,1641,1
James I,person,1643,1
James I,person,1646,1
James V,person,1643,1
Janus,---,1643,1
Jason,---,1655,1
"Jean Baptiste Gault, Bishop of Marseille",person,1661,1
Jehoiada,OT,1672,1
Jehoshaphat,---,1608,1
Jephthah's daughter,OT,1695,1
Jeremiah,OT,1695,1
Jeroboam,---,1594,1
Jeroboam,---,1688,1
Jeroboam's son,OT,1585,1
Jesse,OT,1583,1
Jesus,---,1572,1
Jesus,---,1585,3
Jesus,---,1589,1
Jesus,---,1609,1
Jesus,---,1635,1
Jesus,---,1638,1
Jesus,---,1646,1
Jesus,---,1650,2
Jesus,---,1651,1
Jesus,---,1688,1
Jesus Child,---,1644,1
Jesus Christ,---,1518,1
Jesus Christ,---,1592,1
Jesus Christ,---,1632,1
Jesus Christ,---,1732,1
Jews,Nation,1651,1
Joab,OT,1491,1
Joash,OT,1635,1
Joash,OT,1672,1
Job,OT,1582,1
Job,OT,1619,1
"Johann Friedrich, elector of Saxony",person,1651,1
Johann Jakob Scheuchzer,person,1648,1
Johannes Hallius,person,1688,1
Johannes Henry van Craenhals,---,1549,1
John,---,1585,1
John,---,1598,1
John,---,1746,1
"John III Sobieski, King of Poland and Grand Duke of Lithuania",person,1620,1
John Pym,person,1591,1
John Taylor,person,1589,1
John de Gavarelle,person,1682,1
John the Baptist,---,1589,1
John the Baptist,---,1596,1
John the Baptist,---,1650,1
John the Baptist,---,1673,1
John the Baptist,---,1726,1
Jonah,OT,1585,2
Jonah,OT,1694,1
Jonas,OT,1528,1
Joseph,---,1498,1
Joseph,---,1504,1
Joseph,---,1585,2
Joseph,---,1606,1
Joseph,---,1610,1
Joseph,---,1615,1
Joseph,---,1641,2
Joseph,---,1642,1
Joseph,---,1643,2
Joseph,---,1644,1
Joseph,---,1646,1
Joseph,---,1647,1
Joseph,---,1648,1
Joseph,---,1652,1
Joseph,---,1654,1
Joseph,---,1656,1
Joseph,---,1657,1
Joseph,---,1671,1
Joseph,---,1688,1
Joseph,---,1710,1
Joseph,---,1718,1
Joseph,---,1719,1
Joseph brothers,---,1582,1
Joseph of Arimathaea,---,1643,1
Joseph of Arimathea,---,1589,1
Joseph of Arithmea,---,1688,1
"Joseph, the Patriarch of Israel",OT,1641,1
Joseph ,---,1688,1
Joshua,OT,1543,1
Joshua,OT,1613,1
Joshua Ward,person,1589,1
Jove,---,1638,1
Jubal,OT,1596,1
Judah,---,1635,1
Judas,---,1520,1
Judas,---,1575,1
Judas,---,1605,1
Judas,---,1622,1
Judas Iscariot,NT,1598,1
Judas Maccabee,---,1585,1
Judas Maccabeus,OT,1594,1
Judith,OT,1585,1
Judith,OT,1590,1
Judith,OT,1622,1
Judith,OT,1643,1
Judith,OT,1647,1
Judith,OT,1661,1
Judith,OT,1686,1
Julius Caesar,person,1590,1
Julius Caesar,person,1688,1
Junius Juvenal,person,1635,1
Juno,---,1600,1
Juno,---,1625,1
Juno,---,1640,1
Juno,---,1641,1
Juno,---,1645,1
Juno,---,1646,1
Juno,---,1649,1
Juno,---,1650,2
Juno,---,1652,1
Juno,---,1655,1
Juno,---,1722,1
Jupiter,---,1585,1
Jupiter,---,1598,1
Jupiter,---,1600,1
Jupiter,---,1608,1
Jupiter,---,1635,1
Jupiter,---,1639,1
Jupiter,---,1641,3
Jupiter,---,1642,1
Jupiter,---,1643,3
Jupiter,---,1648,1
Jupiter,---,1649,1
Jupiter,---,1651,1
Jupiter,---,1652,1
Jupiter,---,1654,1
Jupiter,---,1740,1
Justice,---,1589,1
Justice,---,1651,1
Justice,---,1664,1
King,---,1558,1
King,---,1582,1
King,---,1601,1
King,---,1728,2
King Ahab,OT,1643,1
King Ahaziah,OT,1645,1
King Amaziah,OT,1585,1
King Charles I,person,1646,1
King Charles X of Sweden,person,1643,1
King David,OT,1567,1
King David,OT,1601,1
King Ferdinand II,person,1715,1
King Henri II,person,1585,1
King Henry VIII,person,1695,1
King Jehoahaz,OT,1695,1
King Jehoiachim,OT,1695,1
King Jehoiachin,OT,1695,1
King Jehoram,OT,1645,1
King Jehoshaphat,OT,1645,1
King Jeroboam,OT,1573,1
King Jeroboam,OT,1585,1
King Joash,OT,1585,1
King John,person,1592,1
King John,person,1635,1
King Nebuchadnezzar,OT,1652,1
King Stephen,---,1629,1
King Uzziah,OT,1585,1
King Zedekiah,OT,1707,1
Labourers,---,1585,1
Laestrygones,---,1672,1
Lamb,---,1585,2
Lamb,---,1632,1
Lamb of God,---,1590,1
Lamech,OT,1665,1
Lampetia,---,1734,1
Lantern maker,Prof,1622,1
Laocoön,---,1651,1
Lapiths,---,1649,1
Lars Porsena,person,1583,1
Latona,---,1642,1
Latona,---,1663,1
Laura de' Dianti,person,1596,1
Lavinia,---,1622,1
Law,Personification,1589,1
Lazarus,NT,1575,1
Lazarus,NT,1594,1
Lazarus,NT,1645,1
Leander,---,1585,1
Leonard Plukenet,person,1622,1
Leucothoe,---,1650,1
"Levi, Patriarch of Israel",---,1695,1
Liberalitas,---,1664,1
Lord,---,1586,1
Lord,---,1620,1
Lord,---,1641,1
Lot,OT,1592,1
Lot,OT,1594,1
Lot,OT,1597,1
Lot,OT,1602,1
Lot,OT,1646,1
"Lothar von Metternich, Archbishop and Elector of Trier",person,1496,1
Louis XIII,person,1589,1
"Louise Françoise, Duchess de la Vallière",person,1590,1
Lucchese patron saints,---,1695,1
Lucius Brutus,person,1634,1
Lucretia,---,1586,1
Lucretia,---,1622,1
Lucretia,---,1634,1
Lucretia,---,1641,1
Lucretia,---,1692,1
Lucretius,person,1589,1
Lycomedes,---,1648,1
Maarten de Vos,person,1680,1
Madonna,NT,1641,1
Madonna del Pesce,---,1585,1
Madonna ,---,1643,1
Magdalen,---,1589,1
Magdalene,---,1540,1
Magdalene,---,1593,1
Magdalene,---,1678,1
Magdalene,---,1688,1
Magi,NT,1610,1
Magi,NT,1641,1
Magi,NT,1643,1
Magi,NT,1645,1
Magi,NT,1683,1
Magi,NT,1694,1
Magi,NT,1695,1
Magi,NT,1728,1
Malachias,OT,1586,1
Male,---,1646,1
Man,---,1618,1
Man,---,1624,1
Manasseh,---,1585,1
Marcus Aurelius,person,1645,2
Marcus Gheeraerts,person,1646,1
Marforio,---,1696,1
Maries,NT,1583,1
Maries,NT,1656,1
Maries,NT,1671,1
Maries,NT,1688,1
Marius,---,1659,1
Marquis d'Effiat,person,1574,1
Mars,---,1643,1
Mars,---,1649,1
Mars,---,1652,1
Mars,---,1672,1
Mars,---,1703,1
Marsyas,---,1648,1
Marsyas,---,1658,1
Martha,NT,1575,1
Martha,NT,1609,1
Martha,NT,1641,1
Martha,NT,1646,1
Martha,NT,1651,1
Martyrs,---,1651,1
Mary,NT,1504,1
Mary,NT,1575,1
Mary,NT,1585,2
Mary,NT,1634,2
Mary,NT,1637,1
Mary,NT,1641,2
Mary,NT,1643,2
Mary,NT,1646,2
Mary,NT,1650,1
Mary,NT,1654,1
Mary,NT,1688,1
Mary Magdalen,---,1672,1
Mary Magdalen,---,1681,1
Mary Magdalene,---,1586,1
Mary Magdalene,---,1602,1
Mary Magdalene,---,1609,1
Mary Magdalene,---,1637,1
Mary Magdalene,---,1650,1
Mary Magdalene,---,1651,1
Mary Magdalene,---,1657,1
Mary of Modena,person,1642,1
Mary of Modena,person,1643,1
Marÿ koorens,---,1695,1
"Matthias I, Holy Roman Emperor",person,1585,1
"Maurice, Landgrave of Hesse-Cassel",person,1542,1
"Maximilian, Holy Roman Emperor",person,1695,1
Medea,---,1644,1
Medusa,---,1585,1
Medusa,---,1663,1
Melancholia,Personification,1585,1
Melchizedek,OT,1622,1
Meleager,---,1585,1
Meleager,---,1605,1
Melpomene,---,1643,1
Men,---,1643,1
Menelaus,---,1589,1
Merchant,---,1591,1
Mercurius,---,1645,1
Mercury,---,1639,1
Mercury,---,1642,1
Mercury,---,1643,1
Mercury,---,1644,2
Mercury,---,1645,2
Mercury,---,1646,1
Mercury,---,1651,1
Mercury,---,1665,1
Mercury,---,1683,1
Mercury ,---,1640,1
Mezentius,---,1619,1
Midas,---,1648,1
Midianites,OT,1585,1
Milkmaid,---,1562,1
Miner,Prof,1586,1
Minerva,---,1642,1
Minerva,---,1651,1
Minerva,---,1656,1
Minerva,---,1754,1
Minos,---,1574,1
Minos,---,1652,1
Mirror maker,Prof,1568,1
Misericordia Dei (Mercy of God),---,1670,1
Moabites,OT,1732,1
Moll,OT,1723,1
Monks,---,1726,1
Mordecai,OT,1573,1
Moses,OT,1574,1
Moses,OT,1585,1
Moses,OT,1592,1
Moses,OT,1638,1
Moses,OT,1641,2
Moses,OT,1642,1
Moses,OT,1645,2
Moses,OT,1647,1
Moses,OT,1651,1
Moses,OT,1653,1
Moses,OT,1665,1
Moses,OT,1673,1
Moses,OT,1746,1
Mucius Scaevola,person,1583,1
Muses,---,1650,1
Musica,---,1570,1
Myley Arsheid Zeriff,---,1635,1
Naamah,OT,1630,1
Nabal,OT,1585,1
Naomi,OT,1732,1
"Naphtali, Patriarch of Israel",OT,1643,1
Nathan,OT,1646,1
Native American,Nation,1651,1
Native American woman,Woman,1585,1
Nebuchadnezzar,person,1729,1
Nemrod,OT,1566,1
Neoptolemus,---,1609,1
Neptune,---,1585,1
Neptune,---,1589,2
Neptune,---,1619,1
Neptune,---,1643,1
Neptune,---,1647,1
Neptune,---,1649,1
Nereid,---,1646,1
Nessus,---,1638,1
Nestor,---,1646,1
Nicholas of Bari and Roch,---,1695,1
Nicodemus,NT,1498,1
Nicodemus,NT,1585,2
Nicodemus,NT,1590,1
Nicodemus,NT,1652,1
Nicodemus,NT,1656,1
Nicodemus,NT,1671,1
Nicolas Potier de Novion,person,1573,1
Nicole de Lorraine,person,1734,1
Nile,Other myth,1590,1
Niobe,---,1636,1
Niobe,---,1645,1
Niobids,---,1645,1
Nisus,---,1678,1
Noah,OT,1585,2
Noah,OT,1641,1
Noble woman,---,1645,1
Nun,---,1611,1
Nymph,---,1641,1
Nymphs,---,1590,1
Obadiah,OT,1636,1
Obadiah,OT,1643,1
Obdadiah,---,1585,1
Oceanus,---,1648,1
Odysseus,---,1585,1
Odysseus,---,1609,1
Odysseus,---,1682,1
Oil maker,Prof,1585,1
Old Man,---,1622,1
Oliver Cromwell,person,1682,1
Olympian gods,---,1686,1
Olympic Gods,---,1642,1
Ombites,Nation,1644,1
Omphale,---,1688,1
Oriental,Nation,1609,1
Oriental,Nation,1684,1
Oronce Finé,---,1610,1
Orpha,OT,1732,1
Orpheus,---,1655,1
Ottoman army,Nation,1651,1
Ottoman army,Nation,1656,1
Ottoman settlement,Nation,1703,1
Ottoman soldiers,Prof,1651,1
Ovid,OT,1657,1
Painter,Prof,1599,1
Pallas Athena,---,1645,1
Pan,---,1615,1
Pan,---,1641,1
Pan,---,1643,2
Pan,---,1648,1
Pan,---,1693,1
Paralytic,---,1598,1
Parisian matron,St,1608,1
Partridge,Animal,1646,1
Pasiphaë,---,1667,1
Passengers,---,1560,1
Patroclus,---,1589,1
Patroclus,---,1646,1
Paul,---,1650,1
Peace,Personification,1651,1
Peasant Women,---,1586,1
Peasants,---,1589,1
Peasants,---,1594,1
Peasants,---,1644,1
Peasants,---,1688,1
Peasants of Lycia,Nation,1642,1
Peat digger,Prof,1589,1
Pegasus,---,1650,1
Pegasus,---,1727,1
Penelope,---,1608,1
Peneus,---,1652,1
Pentheus,---,1640,1
Pentheus,---,1645,1
People,---,1646,1
Perseus,---,1585,1
Perseus,---,1663,1
Persian Sibyl,---,1641,1
Persian enemy,Nation,1585,1
Persian sibyl,Sibyl,1586,1
Peter,---,1598,1
Peter,---,1695,1
Peter,---,1732,1
Peter,---,1746,1
Petrus Hogerbeets,---,1727,1
Phaeton,---,1627,1
Phaeton's sisters,---,1622,1
Pharaoh,---,1638,1
Pharaoh,---,1647,1
Pharaoh's daughter,---,1641,1
Pharisees,---,1589,1
Pharisees,---,1597,1
Pharisees,---,1641,1
Pharoah,---,1653,1
Philip of Macedon,OT,1570,1
Philipp Melanchthon,person,1575,1
Philippus Nutius,person,1695,1
"Philips William, Prince of Orange",person,1682,1
Philistines,OT,1635,1
Philistines,OT,1649,1
Philomena,---,1577,1
Phineus,---,1663,1
Phoenix,---,1585,1
Piacevoli hunting society,---,1646,1
Picus,---,1600,1
Pierre de La Ramée,person,1585,1
Pietro Aretino,person,1585,1
Pietro Vettori,person,1647,1
Pigritia,Animal,1589,1
Pigsy (Zhu Baijie),---,1635,1
Pilate,NT,1573,1
Pilate,NT,1605,1
Pilate,NT,1643,1
Pilate,NT,1644,1
Pilate,NT,1651,1
Pilate,NT,1695,1
Plague-Stricken,---,1584,1
Plato,person,1635,1
Pleasure,Personification,1649,1
Plutarch,person,1608,1
Pluto,---,1645,1
Pluto,---,1669,1
Poet Virgil,person,1586,1
Polydorus,---,1646,1
Polyhymnia,---,1562,1
Polymestor,---,1646,1
Polyphemus,---,1573,1
Polyphemus,---,1585,1
Polyphemus,---,1590,1
Polyphemus,---,1682,1
Polyphemus,---,1695,1
Polyxena,---,1609,1
Pontius Pilate,---,1634,1
Pope,person,1585,1
Pope,person,1589,1
Pope,person,1692,1
Pope,person,1728,1
Pope Alexander VII,person,1657,1
Pope Innocent IX,person,1585,1
Pope Innocent X,person,1587,1
Pope Pius V,person,1695,1
Portrait bust,---,1585,1
Poseidon,---,1688,1
Poseidon,---,1734,1
Potiphar's wife,OT,1642,1
Potiphar's wife,OT,1688,1
Potiphar's wife,OT,1710,1
Potter,---,1643,1
Preacher,Prof,1568,1
Priapus,---,1643,1
Pride,Personification,1695,1
Priest,---,1605,1
Prince Edward,person,1695,1
"Prince Henry the eight, King of England",person,1634,1
Prince Henry the seaventh,person,1643,1
Prince Maximillian of Bavaria,person,1642,1
Printmaker,Prof,1597,1
Priscus,person,1659,1
Procession,---,1672,1
Procne,---,1577,1
Proconsul Sergius,NT,1615,1
Procris,---,1620,1
Procris,---,1636,1
Procris,---,1651,1
Prodigal Son,---,1646,1
Prophet Elijah,---,1552,1
Prophet Elijah,---,1575,1
Prophet Elijah,---,1641,1
Proserpina,---,1645,1
Proserpine,---,1645,1
Proserpine,---,1669,1
Prudence,Personification,1664,1
Prudence,Personification,1729,1
Pyramus,---,1589,1
Pyrrha,---,1618,1
Python,---,1589,1
Queen Semiramis,Other myth,1635,1
Queen of Sheba,OT,1621,1
Queen of Sheba,OT,1648,1
Rachel,OT,1642,1
Raphael,OT,1511,1
Raphael,OT,1641,1
Raphael,OT,1695,2
Reason,Personification,1686,1
Rebecca,OT,1641,1
Religion,Personification,1543,1
Religion,Personification,1642,1
Remus,---,1640,1
Remus,---,1645,1
René II,person,1585,1
Reuben,OT,1727,1
Rhetoric,---,1590,1
Richard Bernard,person,1596,1
Richard Grafton,person,1603,1
Richard III,person,1585,1
River God,---,1645,1
Roger L'Estrange,person,1649,1
Roman consul Regulus,person,1585,1
Roman emperor Domitian,person,1688,1
Roman pro-consul Sergius Paulus,person,1650,1
Roman she-wolf,---,1640,1
Roman soldier,Prof,1583,1
Roman soldiers,---,1651,1
Roman soldiers,---,1672,1
Roman soldiers,---,1688,1
Rome,Personification,1634,1
Romulus,---,1640,1
Romulus,---,1645,1
Rosary,---,1646,1
Ruth,OT,1586,1
Ruth,OT,1732,1
Sabine women,---,1623,1
Sabine women,---,1641,1
Sabine women,---,1658,1
Sabines,---,1553,1
Sagittarius,---,1641,1
Sailor,OT,1688,1
Saint Barbara,---,1645,1
Saint James the Greater,---,1715,1
Saint John,---,1630,1
Saint Peter,---,1650,1
Saints,---,1650,1
Saints,---,1651,1
Salmacis,---,1512,1
Salmacis,---,1639,1
Salmacis,---,1645,1
Salmon,OT,1616,1
Salome,NT,1573,1
Salome,NT,1619,1
Salome,NT,1630,1
Salome,NT,1703,1
Salvator Mundi,---,1688,1
Samson,OT,1630,1
Samson,OT,1635,1
San Diego,St,1654,1
Santa Giustina of Padua,St,1656,1
Sapientia,Personification,1601,1
Sapphira,NT,1598,1
Sara,OT,1511,1
Sarah,OT,1641,1
Sarah,OT,1646,1
Sarah Mapp,person,1589,1
Sarai,OT,1582,1
Saskia van Uylenburgh,person,1585,1
Satan,NT,1629,1
Saturn,---,1592,1
Satyr,---,1643,1
Saul,OT,1601,1
Saul,OT,1641,1
Saul,OT,1643,1
Saul,OT,1649,1
Saul,OT,1675,1
Saul,OT,1688,1
Saul (St Paul),OT,1645,1
Scientia (Knowledge),Personification,1543,1
Scientia (Knowledge),Personification,1585,1
Scientia (Knowledge),Personification,1620,1
Scientia (Knowledge),Personification,1638,1
Sculptor,Prof,1649,1
Scylla,---,1574,1
Scylla,---,1695,1
Sea Monster,---,1585,1
Semele,---,1600,1
Semiramis,---,1683,1
Seneca,person,1608,1
Sextus,---,1692,1
Sextus Tarquinius,person,1622,1
Shamgar,OT,1688,1
Shechem,OT,1578,1
Shechem,OT,1618,1
Shepherds,---,1575,1
Shepherds,---,1645,1
Ship builder,Prof,1656,1
Shunammite woman,---,1585,1
Sight,Personification,1585,1
Silas,---,1555,1
Silenus,---,1639,1
Silk maker,Prof,1617,1
Silversmith,Prof,1586,1
Simeon,OT,1585,1
"Simeon, Patriarch of Israel",---,1646,1
Simon of Cyrene,NT,1585,1
Simon the Pharisee,NT,1561,1
Simon the Pharisee,NT,1672,1
Simon the Pharisee,NT,1678,1
Sin,Personification,1543,1
Sinorix,---,1589,1
Sir Anthony van Dyck,---,1585,1
Sir Dudley Carleton,person,1646,1
Sir Hans Sloane,---,1589,1
Sir Hans Sloane,---,1642,1
Sir Hans Sloane,---,1675,1
Sir Henry Guildford,person,1641,1
Sir John Chamber,person,1645,1
Siserra,OT,1688,1
Sisyphus,---,1652,1
Smelling,Personification,1585,1
Smith,---,1605,1
Sodomites,---,1597,1
Soldiers,---,1504,1
Soldiers,---,1582,1
Solomon,OT,1577,1
Solomon,OT,1608,1
Solomon,OT,1621,1
Solomon,OT,1648,1
Solomon,OT,1659,1
Son,---,1600,1
Son,---,1665,1
Sophocles,person,1543,1
Spanish man,Nation,1641,1
Spanish noblewoman,Woman,1644,1
Spes,---,1528,1
Spes,---,1728,1
Spinner,Prof,1594,1
Spirits,---,1635,1
Spring,Personification,1641,1
St Agatha,St,1688,1
St Agnes,St,1585,1
St Andrew,NT,1501,1
St Andrew,NT,1585,1
St Andrew,NT,1599,1
St Andrew,NT,1615,1
St Andrew,NT,1679,1
St Andrew,NT,1695,1
St Andrew,NT,1749,1
St Anne,NT,1532,1
St Anne,NT,1582,1
St Anne,NT,1585,1
St Anne,NT,1608,1
St Anne,NT,1623,1
St Anne,NT,1630,1
St Anne,NT,1641,1
St Anthony,St,1589,1
St Anthony of Padua,---,1581,1
St Antony,St,1652,1
St Antony of Padua,St,1579,1
St Antony of Padua,St,1644,1
St Augustine,St,1563,1
St Augustine,St,1592,1
St Augustine,St,1635,1
St Augustine,St,1681,1
St Barbara,St,1585,1
St Barbara,St,1657,1
St Barbara,St,1667,1
St Barnabas,NT,1622,1
St Bartholemew,NT,1641,1
St Bartholomew,NT,1548,1
St Bartholomew,NT,1565,1
St Bartholomew,NT,1637,1
St Bartholomew,NT,1638,1
St Bartholomew,NT,1641,1
St Bernard,St,1695,1
St Catherine,---,1576,1
St Catherine,---,1589,1
St Catherine,---,1622,1
St Catherine,---,1640,1
St Catherine,---,1650,1
St Catherine,---,1657,1
St Catherine of Alexandria,St,1585,1
St Catherine of Alexandria,St,1667,1
St Catherine of Siena,St,1593,1
St Catherine of Siena,St,1615,1
St Catherine of Siena,St,1634,1
St Catherine of Siena,St,1645,1
St Cecilia,St,1511,1
St Cecilia,St,1657,1
St Cecilia,St,1681,1
St Cecilia,St,1687,1
St Cecilia,St,1688,1
St Cecilia,St,1726,1
St Celestine,St,1657,1
St Christopher,St,1585,1
St Christopher,St,1642,1
St Diego,St,1647,1
St Diego,St,1657,1
St Dominic,St,1645,1
St Dominic,St,1646,1
St Elijah,---,1634,1
St Elizabeth,NT,1549,1
St Elizabeth,NT,1585,2
St Elizabeth,NT,1589,1
St Elizabeth,NT,1608,1
St Elizabeth,NT,1610,1
St Elizabeth,NT,1632,1
St Elizabeth,NT,1638,1
St Elizabeth,NT,1641,1
St Eustace,St,1695,1
St Eustace,St,1728,1
St Francis,St,1584,1
St Francis,St,1604,1
St Francis,St,1650,1
St Francis,St,1692,1
St Francis of Assisi,St,1545,1
St Francis of Assisi,St,1578,1
St Francis of Assisi,St,1582,1
St Francis of Assisi,St,1585,1
St George,St,1542,1
St George,St,1573,1
St George,St,1651,1
St George,St,1688,1
St George,St,1695,1
St Gregory,St,1592,1
St Gregory,St,1635,1
St Guillaume d'Aquitane,St,1667,1
St Helena,St,1574,1
St James,---,1622,1
St James Major,---,1673,1
St James Major,---,1688,1
St James Minor,---,1671,1
St James the Great,NT,1695,1
St James the Greater,---,1599,1
St James the Greater,---,1638,1
St James the Greater,---,1645,1
St James the Greater,---,1692,1
St James the Less,NT,1585,1
St James the Less,NT,1590,1
St James the Less,NT,1601,1
St James the greater,---,1675,1
St Jerome,St,1585,2
St Jerome,St,1589,1
St Jerome,St,1608,1
St Jerome,St,1641,3
St Jerome,St,1643,2
St Jerome,St,1672,1
St Jerome,St,1695,1
St Jerome,St,1727,1
St Joachim,NT,1582,1
St Joachim,NT,1630,2
St John,---,1498,1
St John,---,1540,1
St John,---,1573,1
St John,---,1582,2
St John,---,1585,5
St John,---,1586,1
St John,---,1593,1
St John,---,1599,1
St John,---,1606,1
St John,---,1616,2
St John,---,1622,1
St John,---,1630,1
St John,---,1634,1
St John,---,1641,1
St John,---,1645,1
St John,---,1656,1
St John,---,1662,1
St John,---,1671,1
St John,---,1673,1
St John,---,1674,1
St John,---,1688,1
St John,---,1695,2
St John the Baptist,NT,1501,1
St John the Baptist,NT,1551,1
St John the Baptist,NT,1585,1
St John the Baptist,NT,1589,1
St John the Baptist,NT,1590,1
St John the Baptist,NT,1619,1
St John the Baptist,NT,1622,1
St John the Baptist,NT,1638,1
St John the Baptist,NT,1641,1
St John the Baptist,NT,1642,1
St John the Baptist,NT,1645,1
St John the Baptist,NT,1657,1
St John the Baptist,NT,1667,1
St John the Baptist,NT,1672,1
St John the Baptist,NT,1695,1
St John the Baptist,NT,1703,1
St John the Baptist,NT,1737,1
St John the Baptist,NT,1753,1
St John the Evangelist,NT,1573,1
St John the Evangelist,NT,1585,3
St John the Evangelist,NT,1586,1
St John the Evangelist,NT,1644,1
St John the Evangelist,NT,1646,1
St John the Evangelist,NT,1651,1
St John the Evangelist,NT,1656,1
St John the Evangelist,NT,1681,1
St John the Evangelist,NT,1703,1
St John the Evangelist,NT,1728,1
St Joseph,NT,1509,1
St Joseph,NT,1511,1
St Joseph,NT,1526,1
St Joseph,NT,1552,1
St Joseph,NT,1565,1
St Joseph,NT,1573,1
St Joseph,NT,1582,1
St Joseph,NT,1583,1
St Joseph,NT,1585,5
St Joseph,NT,1589,1
St Joseph,NT,1597,1
St Joseph,NT,1598,1
St Joseph,NT,1608,1
St Joseph,NT,1615,1
St Joseph,NT,1616,1
St Joseph,NT,1618,1
St Joseph,NT,1632,1
St Joseph,NT,1634,1
St Joseph,NT,1635,1
St Joseph,NT,1638,1
St Joseph,NT,1641,1
St Joseph,NT,1643,1
St Joseph,NT,1644,1
St Joseph,NT,1650,1
St Joseph,NT,1651,1
St Joseph,NT,1652,2
St Joseph,NT,1656,1
St Joseph,NT,1672,1
St Joseph,NT,1692,1
St Joseph,NT,1695,2
St Joseph,NT,1724,1
St Joseph,NT,1728,1
St Joseph of Arimathaea,NT,1606,1
St Joseph of Arimathaea,NT,1641,1
St Jude,---,1692,1
St Jude Thaddaeus,---,1622,1
St Juliana Falconieri,St,1582,1
St Katherine,St,1630,1
St Laurence,St,1642,1
St Lawrence,St,1660,1
St Lawrence,St,1677,1
St Longinus,NT,1615,1
St Longinus,NT,1728,1
St Luke,NT,1566,1
St Luke,NT,1573,1
St Luke,NT,1608,1
St Luke,NT,1619,1
St Luke,NT,1625,1
St Mark,NT,1635,1
St Mark,NT,1688,1
St Mary Magdalene,NT,1511,1
St Mary Magdalene,NT,1579,1
St Mary Magdalene,NT,1585,2
St Mary Magdalene,NT,1586,1
St Mary Magdalene,NT,1599,1
St Mary Magdalene,NT,1612,1
St Mary Magdalene,NT,1645,1
St Mary Magdalene,NT,1695,1
St Mary Magdalene,NT,1703,1
St Mary of Egypt,St,1654,1
St Matthew,NT,1583,1
St Matthew,NT,1585,1
St Matthew,NT,1589,1
St Matthew,NT,1618,2
St Matthew,NT,1649,1
St Matthew,NT,1682,1
St Matthew,NT,1688,1
St Matthew,NT,1723,1
St Matthias,NT,1565,1
St Matthias,NT,1585,1
St Matthias,NT,1598,1
St Matthias,NT,1735,1
St Maurice,St,1643,1
St Michael,NT,1585,1
St Nicholas,St,1608,1
St Nicholas of Myra,St,1552,1
St Nicholas of Myra ,St,1656,1
St Paul,NT,1504,1
St Paul,NT,1548,1
St Paul,NT,1555,1
St Paul,NT,1570,1
St Paul,NT,1572,1
St Paul,NT,1573,1
St Paul,NT,1579,1
St Paul,NT,1585,3
St Paul,NT,1615,2
St Paul,NT,1627,1
St Paul,NT,1634,1
St Paul,NT,1635,1
St Paul,NT,1643,1
St Paul,NT,1650,1
St Paul,NT,1662,1
St Paul,NT,1667,1
St Paul,NT,1681,1
St Paul,NT,1695,2
St Paul,NT,1727,1
St Peter,NT,1531,1
St Peter,NT,1548,1
St Peter,NT,1565,1
St Peter,NT,1570,1
St Peter,NT,1582,1
St Peter,NT,1583,1
St Peter,NT,1585,4
St Peter,NT,1594,1
St Peter,NT,1598,2
St Peter,NT,1599,1
St Peter,NT,1615,1
St Peter,NT,1622,1
St Peter,NT,1639,1
St Peter,NT,1641,1
St Peter,NT,1643,1
St Peter,NT,1652,1
St Peter,NT,1695,2
St Philip,NT,1573,1
St Philip,NT,1586,1
St Philip,NT,1589,2
St Philip,NT,1655,1
St Philip,NT,1695,2
St Roch,St,1584,1
St Sebastian,St,1510,1
St Sebastian,St,1573,1
St Sebastian,St,1635,1
St Sebastian,St,1641,2
St Simon,NT,1579,1
St Simon,NT,1586,1
St Simon,NT,1616,1
St Simon,NT,1647,1
St Stephen,NT,1586,1
St Stephen,NT,1643,1
St Stephen,NT,1653,1
St Stephen,NT,1688,1
St Stephen,NT,1695,1
St Symphorian,St,1688,1
St Thaddeus,NT,1641,1
St Thais,St,1585,1
St Thais,St,1657,1
St Thomas,NT,1622,2
St Thomas,NT,1638,1
St Thomas,NT,1647,1
St Thomas,NT,1691,1
St Thomas,NT,1695,1
St Ursula,St,1600,1
St Veronica,NT,1576,1
St Veronica,NT,1620,1
St Veronica,NT,1641,1
St William of Aquitaine,St,1724,1
Stag,Animal,1640,1
"Steven Blankaert, Dutch physician",person,1623,1
Stone sawyer,Prof,1605,1
Street sellers,---,1608,1
Sts Nicholas Tolentino,---,1695,1
Summer,Personification,1641,1
Surgeon,---,1572,1
Susanna,OT,1515,1
Susanna,OT,1543,1
Susanna,OT,1568,1
Susanna,OT,1652,1
Susanna,OT,1695,1
Susanna,OT,1719,1
Sybil,Sibyl,1648,1
Syrians,Nation,1551,1
Syrinx,---,1615,1
Syrinx,---,1641,1
Tabitha,OT,1639,1
Tamar,OT,1635,1
Tanner,Prof,1629,1
Tantalus,---,1652,1
Taste,Personification,1585,1
Telemachos,---,1589,1
Temperance,Personification,1637,1
Tentyrites,---,1644,1
Tereus,---,1577,1
Tethys,---,1641,1
Thalia,---,1656,1
The right valiant Prince Richard surnamed Coeur-de-Lion King of England,person,1589,1
Theseus,---,1656,1
Thetis,---,1641,1
Thieves,---,1592,1
Thisbe,---,1589,1
Thomas,---,1641,1
Thomas Chaloner,person,1646,1
Thomas Flatman,person,1639,1
"Thomas Osborne, Duke of Leeds",person,1590,1
Théodore de Bèze,person,1643,1
Tiber,---,1640,1
Tiburtine sibyl,---,1639,1
Tile maker,Prof,1634,1
Time,---,1648,1
Time,---,1692,1
Timor Dei (Fear of God),NT,1657,1
Timotheus,NT,1594,1
Tintoret,---,1649,1
Tiresias,---,1645,1
Tiresias,---,1646,1
Titian,person,1676,1
Titius,---,1649,1
Titus Gracchus,---,1599,1
Tityos,---,1652,1
Tityus,---,1642,1
Tmolus,---,1658,1
Tobias,OT,1511,1
Tobias,OT,1585,1
Tobias,OT,1641,1
Tobias,OT,1646,1
Tobias,OT,1695,1
Tobit,OT,1643,1
Tobit,OT,1646,1
Tobit,OT,1695,1
Touching,Personification,1585,1
Triton,---,1585,1
Tubalcain,OT,1630,1
Turkish man,Nation,1575,1
Turkish prisoners,Nation,1589,1
Turkish soldiers,Prof,1618,1
Turkish sultan Muhammad IV,---,1594,1
Turkish visier Mustapha,---,1688,1
Turks,Nation,1589,1
Turks,Nation,1606,1
Turks,Nation,1650,1
Turnus,---,1622,1
Turnus,---,1672,1
Two priests,---,1586,1
Ulysses,---,1585,1
Ulysses,---,1589,1
Ulysses,---,1608,2
Ulysses,---,1615,1
Ulysses,---,1646,1
Ulysses,---,1647,1
Ulysses,---,1648,1
Ulysses,---,1651,1
Ulysses,---,1652,1
Ulysses,---,1672,1
Ulysses,---,1695,2
Ulysses,---,1699,1
Ulysses,---,1734,1
Umbricius,person,1635,1
Uriah,OT,1635,1
Uriah,OT,1646,1
Uriah,OT,1735,1
Uriel,OT,1585,1
Venus,---,1594,1
Venus,---,1608,2
Venus,---,1617,1
Venus,---,1620,1
Venus,---,1635,1
Venus,---,1636,1
Venus,---,1641,2
Venus,---,1642,2
Venus,---,1643,2
Venus,---,1644,1
Venus,---,1645,2
Venus,---,1649,2
Venus,---,1650,1
Venus,---,1651,1
Venus,---,1655,1
Venus,---,1656,1
Venus,---,1657,1
Venus,---,1660,1
Venus,---,1667,1
Venus,---,1672,1
Venus,---,1676,1
Venus,---,1679,1
Venus,---,1727,1
Veronica,---,1600,1
Veronica,---,1619,1
Vice,Personification,1724,1
Victory,---,1585,1
Victory,---,1589,1
Viennese woman,Woman,1585,1
Vineyard Owner,---,1585,1
Virgin,NT,1501,1
Virgin,NT,1509,1
Virgin,NT,1511,1
Virgin,NT,1530,1
Virgin,NT,1532,1
Virgin,NT,1540,1
Virgin,NT,1543,1
Virgin,NT,1551,1
Virgin,NT,1552,2
Virgin,NT,1565,1
Virgin,NT,1573,1
Virgin,NT,1575,2
Virgin,NT,1580,1
Virgin,NT,1581,1
Virgin,NT,1582,2
Virgin,NT,1583,1
Virgin,NT,1585,18
Virgin,NT,1588,1
Virgin,NT,1589,4
Virgin,NT,1593,1
Virgin,NT,1599,2
Virgin,NT,1600,1
Virgin,NT,1601,1
Virgin,NT,1604,1
Virgin,NT,1605,1
Virgin,NT,1606,2
Virgin,NT,1608,3
Virgin,NT,1610,1
Virgin,NT,1615,2
Virgin,NT,1616,1
Virgin,NT,1618,2
Virgin,NT,1619,1
Virgin,NT,1622,4
Virgin,NT,1630,2
Virgin,NT,1632,1
Virgin,NT,1635,3
Virgin,NT,1638,1
Virgin,NT,1639,1
Virgin,NT,1640,2
Virgin,NT,1641,8
Virgin,NT,1642,1
Virgin,NT,1643,2
Virgin,NT,1645,2
Virgin,NT,1646,4
Virgin,NT,1647,3
Virgin,NT,1648,1
Virgin,NT,1649,1
Virgin,NT,1650,3
Virgin,NT,1651,1
Virgin,NT,1652,3
Virgin,NT,1656,2
Virgin,NT,1657,2
Virgin,NT,1662,2
Virgin,NT,1667,1
Virgin,NT,1671,1
Virgin,NT,1672,1
Virgin,NT,1673,2
Virgin,NT,1674,1
Virgin,NT,1675,1
Virgin,NT,1677,1
Virgin,NT,1679,1
Virgin,NT,1688,1
Virgin,NT,1692,1
Virgin,NT,1694,1
Virgin,NT,1695,11
Virgin,NT,1707,1
Virgin,NT,1718,1
Virgin,NT,1719,1
Virgin,NT,1724,1
Virgin,NT,1728,1
Virgin,NT,1736,2
Virgin,NT,1737,1
Virgin Mary,NT,1526,1
Virgin Mary,NT,1585,2
Virgin Mary,NT,1589,2
Virgin Mary,NT,1610,1
Virgin Mary,NT,1622,1
Virgin Mary,NT,1623,1
Virgin Mary,NT,1641,1
Virgin Mary,NT,1642,1
Virgin Mary,NT,1643,1
Virgin Mary,NT,1644,1
Virgin Mary,NT,1650,1
Virgin Mary,NT,1651,1
Virgin Mary,NT,1656,1
Virginian woman,---,1667,1
Virgins,---,1585,1
Virtue,---,1649,1
Virtue,---,1724,1
Virtus,---,1642,1
Volscens,---,1678,1
Voluptas,---,1642,1
Vulcan,---,1589,1
Vulcan,---,1641,1
Vulcan,---,1643,1
Vulcan,---,1644,1
Vulcan,---,1648,1
Vulcan,---,1650,1
Wagon builder,Prof,1665,1
Wale,---,1528,1
Weaver,Prof,1585,1
Western army,Nation,1651,2
Western army,Nation,1656,1
Western cavalry,Nation,1618,1
Western soldiers,Prof,1615,1
Western soldiers,Prof,1653,1
Whore of Babylon,NT,1641,1
Winter,Personification,1641,1
Wise Virgins,---,1582,1
Witches,---,1615,1
Witches,---,1695,1
Woman,---,1585,1
Woman,---,1608,1
Woman of Samaria,---,1656,1
Zacchaeus,NT,1695,1
Zachariah,---,1618,1
Zacharias,NT,1573,1
Zacharias,NT,1643,1
Zacharias,NT,1649,1
"Zebulun, Patriarch of Israel",---,1608,1
Zecharaiah,OT,1586,1
Zillah,OT,1665,1
Zophar,OT,1619,1
abbess,Prof,1641,1
accountant,Prof,1585,1
acrobat,Prof,1653,1
amorite kings,Nation,1543,1
an angel,---,1726,1
ancestors,---,1519,1
angel,NT,1538,1
angel,NT,1549,1
angel,NT,1552,1
angel,NT,1562,1
angel,NT,1572,1
angel,NT,1582,1
angel,NT,1583,2
angel,NT,1585,6
angel,NT,1586,1
angel,NT,1589,2
angel,NT,1597,1
angel,NT,1598,1
angel,NT,1604,1
angel,NT,1608,3
angel,NT,1615,1
angel,NT,1618,1
angel,NT,1622,1
angel,NT,1641,4
angel,NT,1642,1
angel,NT,1643,1
angel,NT,1646,2
angel,NT,1647,1
angel,NT,1649,2
angel,NT,1652,2
angel,NT,1665,1
angel,NT,1669,1
angel,NT,1672,1
angel,NT,1675,1
angel,NT,1688,1
angel,NT,1695,4
angel,NT,1732,1
angel,NT,1736,1
angels,---,1504,1
angels,---,1511,1
angels,---,1552,1
angels,---,1565,1
angels,---,1566,1
angels,---,1576,1
angels,---,1579,1
angels,---,1581,1
angels,---,1582,1
angels,---,1585,9
angels,---,1589,1
angels,---,1594,1
angels,---,1597,1
angels,---,1600,1
angels,---,1602,1
angels,---,1608,2
angels,---,1611,1
angels,---,1615,2
angels,---,1618,2
angels,---,1619,1
angels,---,1622,3
angels,---,1623,1
angels,---,1632,1
angels,---,1635,3
angels,---,1637,1
angels,---,1639,1
angels,---,1640,1
angels,---,1641,6
angels,---,1642,3
angels,---,1643,2
angels,---,1644,1
angels,---,1646,3
angels,---,1647,2
angels,---,1649,2
angels,---,1650,3
angels,---,1651,1
angels,---,1652,2
angels,---,1657,1
angels,---,1660,1
angels,---,1665,1
angels,---,1672,2
angels,---,1673,1
angels,---,1681,1
angels,---,1688,2
angels,---,1695,3
angels,---,1718,1
angels,---,1719,1
angels,---,1724,1
angels,---,1732,1
angels,---,1736,2
angler,Prof,1632,1
angler,Prof,1665,1
animal,Animal,1585,1
animal,Animal,1670,1
animal,Animal,1691,1
animals,---,1529,1
animals,---,1565,1
animals,---,1585,1
animals,---,1590,1
animals,---,1622,2
animals,---,1635,1
animals,---,1639,1
animals,---,1640,1
animals,---,1643,2
animals,---,1645,1
animals,---,1646,1
animals,---,1650,1
animals,---,1651,1
animals,---,1655,1
animals,---,1705,1
animals,---,1736,1
ants,Animal,1635,1
apostles,---,1555,1
apostles,---,1570,1
apostles,---,1575,1
apostles,---,1585,3
apostles,---,1598,1
apostles,---,1618,1
apostles,---,1641,1
apostles,---,1695,3
apostles,---,1746,1
apprentice,Prof,1586,1
archangel,OT,1585,1
archbishop of Toledo,Prof,1641,1
archers,---,1641,1
archers,---,1657,2
armies,---,1641,1
armies,---,1645,1
armies,---,1715,1
army,---,1574,1
army,---,1585,3
army,---,1630,1
army,---,1635,1
army,---,1641,2
army,---,1647,1
army,---,1695,2
army,---,1735,1
army of Israelites,---,1642,1
army of Philistines,Nation,1642,1
army officers,Prof,1552,1
artificer's wife,---,1642,1
artist,Prof,1586,1
artist,Prof,1590,1
artist,Prof,1696,1
artists,---,1618,1
artists,---,1649,1
ass,Animal,1565,1
ass,Animal,1718,1
asses,---,1526,1
assistant,Prof,1597,1
assistant,Prof,1604,1
assistants,---,1572,1
assistants,---,1585,1
assistants,---,1667,1
astronomer,Prof,1683,1
attendant,Prof,1649,1
attendant,Prof,1723,1
attendants,---,1572,1
attendants,---,1583,1
attendants,---,1585,1
attendants,---,1643,1
attendants,---,1644,1
attendants,---,1650,1
attendants,---,1672,1
babies,---,1585,1
babies,---,1622,3
babies,---,1733,1
baby,---,1577,1
baby,---,1581,1
baby,---,1585,1
baby,---,1627,1
baby,---,1634,1
baby,---,1638,1
baby,---,1640,1
baby,---,1644,1
baby,---,1646,2
baby,---,1676,1
baby,---,1695,1
bacchante,---,1622,1
bacchante,---,1676,1
bacchantes,---,1640,1
bargeman,Seller,1585,1
baron,---,1695,1
basket-weaver,---,1622,1
bat,Animal,1585,1
bat,Animal,1609,1
bear,Animal,1643,1
bear,Animal,1650,1
bear,Animal,1652,1
bear,Animal,1736,1
beast,---,1559,1
beast,---,1641,2
bees,Animal,1642,1
bees,Animal,1645,1
bees,Animal,1646,1
beggar,---,1564,1
beggar,---,1608,1
beggar,---,1618,2
beggar,---,1635,3
beggar,---,1695,1
beggars,---,1635,1
beggars,---,1695,1
bird,---,1570,1
bird,---,1634,1
bird,---,1643,1
bird,---,1646,1
bird,---,1652,1
birds,---,1582,1
birds,---,1585,2
birds,---,1622,1
birds,---,1637,1
birds,---,1640,1
birds,---,1646,3
birds,---,1678,1
biscuit seller,Seller,1643,1
bishop,Prof,1592,1
bishop,Prof,1597,1
bishop,Prof,1635,1
black man,---,1689,1
blacksmiths,---,1590,1
blessed,---,1585,1
blind man,---,1623,1
blind man,---,1634,1
boar,Animal,1540,1
boar,Animal,1585,1
boar,Animal,1608,1
boar,Animal,1640,1
boar,Animal,1652,1
boars,---,1650,1
boatsmen,Prof,1672,1
book-dealers,Seller,1695,1
bows,---,1605,1
boy,---,1563,1
boy,---,1566,1
boy,---,1573,1
boy,---,1575,1
boy,---,1585,2
boy,---,1589,1
boy,---,1596,1
boy,---,1601,1
boy,---,1608,1
boy,---,1614,1
boy,---,1618,1
boy,---,1622,1
boy,---,1630,1
boy,---,1633,1
boy,---,1636,2
boy,---,1638,1
boy,---,1639,1
boy,---,1641,1
boy,---,1642,2
boy,---,1643,1
boy,---,1644,1
boy,---,1645,1
boy,---,1646,2
boy,---,1650,1
boy,---,1651,1
boy,---,1652,1
boy,---,1654,1
boy,---,1655,1
boy,---,1656,1
boy,---,1667,2
boy,---,1672,2
boy,---,1678,1
boy,---,1682,1
boy,---,1695,4
boy,---,1703,1
boy,---,1710,1
boy,---,1735,1
boys,---,1568,1
boys,---,1582,1
boys,---,1585,1
boys,---,1609,1
boys,---,1611,1
boys,---,1623,1
boys,---,1635,3
boys,---,1641,1
boys,---,1646,1
bread-makers,Prof,1695,1
bricklayers,---,1566,1
bride,---,1543,1
bride,---,1552,1
bride,---,1575,1
bride,---,1579,1
bride,---,1585,1
bride,---,1589,1
bride,---,1620,1
bride,---,1622,1
bride,---,1631,1
bride,---,1638,1
bride,---,1650,1
bride,---,1657,1
bridegroom,---,1589,1
broom-maker,Prof,1604,1
brothers,---,1644,1
brothers,---,1652,1
brothers,---,1657,1
builders,Prof,1641,1
bull,Animal,1565,1
bull,Animal,1585,1
bull,Animal,1619,1
bull,Animal,1622,1
bull,Animal,1635,1
bull,Animal,1637,1
bull,Animal,1641,1
bull,Animal,1643,1
bull,Animal,1644,2
bull,Animal,1656,1
bull,Animal,1667,1
bull,Animal,1740,1
bulls,---,1597,1
bulls,---,1667,1
calf,Animal,1646,1
calves,---,1585,1
camel,Animal,1511,1
camel,Animal,1641,1
camel,Animal,1643,1
camel,Animal,1652,1
camels,---,1566,1
camels,---,1574,1
camels,---,1641,1
camels,---,1646,2
camels,---,1648,1
camels,---,1651,1
camels,---,1657,1
cammels,---,1683,1
captains,Prof,1641,1
captives,---,1585,1
captives,---,1634,1
captives,---,1672,1
captives,---,1695,1
capuchin,---,1646,1
caravan,Animal,1585,1
card players,---,1582,1
card players,---,1585,1
card-player,---,1723,1
cardinals,---,1608,1
caryatid,---,1543,1
caryatids,---,1622,1
cat,Animal,1567,1
cat,Animal,1582,1
cat,Animal,1586,1
cat,Animal,1597,1
cat,Animal,1634,1
cats,---,1622,1
cattle,Animal,1585,1
cattle,Animal,1639,1
cattle,Animal,1645,1
cattle,Animal,1646,1
cattle,Animal,1655,1
cattle,Animal,1682,1
cavalry,Prof,1641,1
cavalry,Prof,1695,1
centaur,---,1638,2
centaur,---,1646,1
centaur,---,1727,1
charlatan,---,1622,1
chemists,---,1667,1
cherry seller,Seller,1641,1
cherub,---,1605,1
cherub,---,1667,1
cherubim,OT,1634,1
cherubs,---,1545,1
cherubs,---,1585,3
cherubs,---,1605,1
cherubs,---,1635,1
cherubs,---,1641,1
cherubs,---,1645,1
cherubs,---,1646,2
cherubs,---,1695,2
chicken,Animal,1641,1
chickens,---,1583,1
child,---,1540,1
child,---,1573,2
child,---,1585,4
child,---,1588,1
child,---,1589,1
child,---,1590,2
child,---,1602,1
child,---,1610,1
child,---,1618,1
child,---,1619,1
child,---,1623,1
child,---,1627,1
child,---,1634,1
child,---,1641,2
child,---,1642,1
child,---,1643,2
child,---,1645,2
child,---,1646,3
child,---,1648,1
child,---,1649,1
child,---,1650,3
child,---,1667,1
child,---,1672,1
child,---,1688,1
child,---,1726,1
child,---,1740,1
child(Christ),---,1532,1
children,---,1518,1
children,---,1528,1
children,---,1572,1
children,---,1573,1
children,---,1574,1
children,---,1576,1
children,---,1583,1
children,---,1584,1
children,---,1585,3
children,---,1586,1
children,---,1587,1
children,---,1590,1
children,---,1592,1
children,---,1597,1
children,---,1602,1
children,---,1640,1
children,---,1641,2
children,---,1642,1
children,---,1643,3
children,---,1646,2
children,---,1647,2
children,---,1650,1
children,---,1656,1
children,---,1663,2
children,---,1665,1
children,---,1690,1
children,---,1726,1
chimera,---,1642,1
chimeric animals,---,1596,1
clergy,Prof,1646,1
cleric,Prof,1635,1
clerical figures,Prof,1585,1
clerics,---,1600,1
clown,Prof,1653,1
coachman,Prof,1590,1
coal seller,Seller,1630,1
cock,Animal,1585,1
cock,Animal,1645,1
cockerell,Animal,1732,1
colossus of Rhodes,---,1585,1
companion,---,1646,1
companion,---,1688,1
companion,---,1727,1
companions,---,1511,1
companions,---,1585,1
companions,---,1615,1
companions,---,1630,1
companions,---,1646,2
companions,---,1672,1
companions,---,1695,2
companions,---,1728,1
companions,---,1734,1
companions of Romulus,---,1553,1
concupiscence,Personification,1695,1
congregation,---,1568,1
contortionist,Prof,1578,1
contortionist,Prof,1695,1
cooper,---,1643,1
council,Prof,1586,1
councillor,Prof,1564,1
count de la Tour et Tassis,person,1643,1
countess de la Tour et Tassis,person,1643,1
couple,---,1582,1
couple,---,1586,1
couple,---,1590,1
couple,---,1622,1
couple,---,1634,1
couple,---,1642,1
couple,---,1649,1
couple,---,1651,1
couple,---,1656,1
couple,---,1657,1
couple,---,1688,1
couple,---,1695,1
couple,---,1734,1
couples,---,1540,1
couples,---,1596,1
courtiers,---,1577,1
courtiers,---,1614,1
courtiers,---,1649,1
courtiers,---,1675,1
courtiers,---,1695,1
cow,---,1504,1
cow,---,1562,1
cow,---,1583,1
cow,---,1585,1
cow,---,1618,1
cow,---,1622,1
cow,---,1635,1
cow,---,1643,1
cow,---,1648,1
cow,---,1650,1
cow,---,1734,1
cowherd,Prof,1642,1
cows,---,1618,1
cows,---,1627,1
cows,---,1631,1
cows,---,1646,1
cows,---,1650,1
crab seller,Seller,1643,1
craftsmen,Prof,1639,1
crane,Animal,1583,1
creature,---,1608,1
creature,---,1638,1
creatures,---,1549,1
creatures,---,1648,1
crew,---,1688,1
crippled beggar,---,1634,1
crocodile,Animal,1644,1
crow,Animal,1585,1
crow,Animal,1611,1
crow,Animal,1643,1
crow,Animal,1650,1
crow,Animal,1656,1
crowd,---,1543,1
crowd,---,1548,1
crowd,---,1575,1
crowd,---,1585,3
crowd,---,1589,1
crowd,---,1592,1
crowd,---,1616,1
crowd,---,1630,1
crowd,---,1634,1
crowd,---,1639,1
crowd,---,1647,1
crowd,---,1650,1
crowd,---,1651,1
crowd,---,1652,1
crowd,---,1675,1
crowd,---,1731,1
crowds,---,1515,1
crowds,---,1555,1
crowds,---,1573,1
crowds,---,1585,1
crowds,---,1642,1
cupids,---,1585,1
customers,---,1553,1
damned,---,1639,1
dancers,---,1641,1
dancers,---,1644,1
daughter,---,1594,1
"daughter of Antiphates, King of the Laestrygones",---,1672,1
daughter of King Nisus,---,1574,1
daughters,---,1592,1
daughters,---,1594,1
daughters,---,1602,1
daughters,---,1642,1
daughters,---,1645,1
daughters,---,1648,1
dealer,Prof,1641,1
deer,Animal,1592,1
deer,Animal,1594,1
deer,Animal,1622,1
deer,Animal,1643,1
deer,Animal,1648,1
deer,Animal,1656,1
deer,Animal,1691,1
deer,Animal,1695,1
demon,NT,1543,1
demon,NT,1639,1
demon,NT,1641,1
demons,---,1594,1
demons,---,1635,1
devil,---,1564,1
devil,---,1565,1
devil,---,1585,1
devil,---,1652,1
devil,---,1695,1
devilish creature,---,1585,1
devilish creatures,---,1565,1
devils,---,1634,1
disciple,NT,1634,1
disciples,---,1575,1
disciples,---,1594,1
disciples,---,1688,1
disciples,---,1695,1
doctor,---,1682,1
doctors,---,1585,1
doctors,---,1589,1
doctors,---,1650,1
dog,Animal,1497,1
dog,Animal,1511,1
dog,Animal,1565,1
dog,Animal,1567,1
dog,Animal,1572,1
dog,Animal,1574,2
dog,Animal,1576,1
dog,Animal,1582,1
dog,Animal,1583,2
dog,Animal,1585,8
dog,Animal,1586,1
dog,Animal,1589,1
dog,Animal,1598,1
dog,Animal,1609,1
dog,Animal,1613,1
dog,Animal,1615,1
dog,Animal,1624,1
dog,Animal,1627,1
dog,Animal,1631,1
dog,Animal,1634,1
dog,Animal,1635,2
dog,Animal,1638,1
dog,Animal,1640,1
dog,Animal,1641,2
dog,Animal,1642,2
dog,Animal,1643,1
dog,Animal,1645,1
dog,Animal,1646,4
dog,Animal,1650,1
dog,Animal,1651,1
dog,Animal,1654,1
dog,Animal,1656,2
dog,Animal,1657,2
dog,Animal,1658,1
dog,Animal,1679,1
dog,Animal,1695,2
dog,Animal,1728,1
dog,Animal,1753,1
dogs,---,1585,1
dogs,---,1608,2
dogs,---,1635,1
dogs,---,1637,1
dogs,---,1640,1
dogs,---,1646,4
dogs,---,1656,2
dogs,---,1723,1
dolphin,Animal,1590,1
dolphin,Animal,1646,1
dolphins,---,1674,1
donkey,Animal,1504,1
donkey,Animal,1513,1
donkey,Animal,1552,1
donkey,Animal,1565,1
donkey,Animal,1573,1
donkey,Animal,1585,3
donkey,Animal,1589,1
donkey,Animal,1597,1
donkey,Animal,1604,1
donkey,Animal,1606,1
donkey,Animal,1618,1
donkey,Animal,1636,1
donkey,Animal,1640,1
donkey,Animal,1641,1
donkey,Animal,1643,3
donkey,Animal,1645,1
donkey,Animal,1646,2
donkey,Animal,1647,1
donkey,Animal,1648,1
donkey,Animal,1651,1
donkey,Animal,1652,1
donkey,Animal,1654,1
donkey,Animal,1688,1
donkey,Animal,1727,1
donkeys,---,1585,1
donkeys,---,1645,1
donkeys,---,1646,1
double-headed eagle,---,1585,1
double-headed eagle,---,1599,1
dove,Animal,1545,1
dove,Animal,1575,1
dove,Animal,1585,1
dove,Animal,1630,1
dove,Animal,1634,1
dove,Animal,1635,1
dove,Animal,1643,1
dove,Animal,1649,1
dove,Animal,1656,2
dove,Animal,1657,1
dove,Animal,1674,1
dove,Animal,1695,2
doves,---,1641,1
doves,---,1644,1
doves,---,1667,1
dragon,---,1542,1
dragon,---,1543,1
dragon,---,1603,1
dragon,---,1655,1
dragon,---,1688,1
dragon,---,1695,2
dragons,---,1565,1
draughtsman,Prof,1620,1
drummers,---,1644,1
ducklings,Animal,1585,1
ducks,---,1642,1
dwarf,---,1585,1
eagle,Animal,1575,1
eagle,Animal,1585,2
eagle,Animal,1586,1
eagle,Animal,1598,1
eagle,Animal,1630,1
eagle,Animal,1641,2
eagle,Animal,1644,1
eagle,Animal,1646,1
eagle,Animal,1648,1
eagle,Animal,1649,1
eagle,Animal,1650,1
eagle,Animal,1654,1
eagle,Animal,1666,1
earthly riches,---,1695,1
echnida,---,1666,1
eel seller,Seller,1573,1
elderly man,---,1641,1
elders,---,1515,1
elders,---,1543,1
elders,---,1568,1
elders,---,1632,1
elders,---,1695,1
elephant,Animal,1528,1
elephant,Animal,1565,1
elephant,Animal,1643,1
elephant,Animal,1645,1
elephants,---,1566,1
elephants,---,1639,1
elephants,---,1672,1
elephants,---,1695,1
elk,Animal,1597,1
elves,Other myth,1635,1
emperor,Prof,1689,1
emperor Mathias,person,1641,1
enemy,---,1592,1
enemy,---,1645,1
entourage,Prof,1558,1
entourage,Prof,1608,1
entourage,Prof,1636,1
entourage,Prof,1643,1
entourage,Prof,1648,1
entourage,Prof,1652,1
entourage,Prof,1735,1
entrourage,---,1578,1
executioner,Prof,1573,1
executioner,Prof,1589,1
executioner,Prof,1619,1
executioner,Prof,1638,1
executioner,Prof,1688,1
executioners,---,1548,1
executioners,---,1589,1
executioners,---,1688,1
falcons,Animal,1497,1
family,---,1585,2
family,---,1589,1
family,---,1597,1
family,---,1616,1
family,---,1631,1
family,---,1641,1
family,---,1642,1
family,---,1646,1
farmer,Prof,1710,1
farmers,---,1630,2
farmers,---,1644,1
farmers,---,1656,1
farmers,---,1663,1
farmers,---,1695,1
father,---,1600,1
father,---,1634,1
father,---,1642,1
father,---,1646,1
father,---,1647,1
father,---,1650,1
father,---,1656,1
fathers,---,1623,1
faun,---,1543,1
faun,---,1740,1
fauns,---,1639,1
female,---,1585,1
female,---,1639,1
female,---,1646,1
female,---,1686,1
female,---,1688,1
female herm,---,1543,1
female personification,---,1555,1
fiddler,Prof,1635,1
fiery bull,---,1587,1
figure,---,1512,1
figure,---,1540,2
figure,---,1543,2
figure,---,1555,1
figure,---,1564,1
figure,---,1572,1
figure,---,1581,1
figure,---,1582,1
figure,---,1585,6
figure,---,1588,1
figure,---,1589,4
figure,---,1598,1
figure,---,1604,1
figure,---,1608,1
figure,---,1609,2
figure,---,1618,1
figure,---,1622,2
figure,---,1625,2
figure,---,1631,1
figure,---,1635,2
figure,---,1638,1
figure,---,1639,1
figure,---,1641,3
figure,---,1642,1
figure,---,1644,1
figure,---,1645,3
figure,---,1646,1
figure,---,1648,3
figure,---,1651,1
figure,---,1654,1
figure,---,1665,1
figure,---,1672,1
figure,---,1682,1
figure,---,1699,1
figure,---,1703,1
figure,---,1740,1
figure in a throne,---,1585,1
figures,---,1504,1
figures,---,1510,1
figures,---,1512,1
figures,---,1520,1
figures,---,1530,1
figures,---,1543,2
figures,---,1550,1
figures,---,1551,1
figures,---,1560,1
figures,---,1564,1
figures,---,1565,4
figures,---,1568,1
figures,---,1570,1
figures,---,1572,1
figures,---,1573,2
figures,---,1575,2
figures,---,1576,1
figures,---,1577,1
figures,---,1579,1
figures,---,1582,3
figures,---,1585,21
figures,---,1586,1
figures,---,1587,1
figures,---,1588,1
figures,---,1589,7
figures,---,1590,6
figures,---,1591,1
figures,---,1596,1
figures,---,1597,1
figures,---,1598,1
figures,---,1599,1
figures,---,1600,5
figures,---,1602,2
figures,---,1605,3
figures,---,1608,3
figures,---,1610,1
figures,---,1611,1
figures,---,1612,1
figures,---,1613,1
figures,---,1615,3
figures,---,1618,4
figures,---,1622,7
figures,---,1624,1
figures,---,1625,1
figures,---,1627,1
figures,---,1630,1
figures,---,1632,1
figures,---,1633,1
figures,---,1634,2
figures,---,1635,6
figures,---,1636,3
figures,---,1639,3
figures,---,1640,5
figures,---,1641,9
figures,---,1642,6
figures,---,1643,6
figures,---,1644,3
figures,---,1645,6
figures,---,1646,5
figures,---,1648,3
figures,---,1649,3
figures,---,1650,4
figures,---,1651,4
figures,---,1652,1
figures,---,1653,2
figures,---,1656,4
figures,---,1657,1
figures,---,1663,4
figures,---,1665,2
figures,---,1667,3
figures,---,1672,2
figures,---,1673,1
figures,---,1679,1
figures,---,1682,2
figures,---,1688,3
figures,---,1692,1
figures,---,1695,9
figures,---,1703,1
figures,---,1790,1
fish,Animal,1585,1
fish,Animal,1679,1
fish,Animal,1689,1
fish,Animal,1705,1
fish,Animal,1736,1
fisherman,---,1585,1
fisherman,---,1641,1
fisherman,---,1695,1
fishermen,---,1573,1
fishermen,---,1650,1
fishes,---,1551,1
fishwife,Prof,1645,1
flock,Animal,1550,1
flock,Animal,1583,1
flute-player,Prof,1641,1
foes,---,1622,1
follower,---,1640,1
followers,---,1594,1
followers,---,1640,1
forces,---,1592,1
forces,---,1657,1
fowl,Animal,1608,1
fox,Animal,1645,1
fox,Animal,1648,1
foxes,---,1635,1
foxes,---,1646,1
friar,---,1585,1
friars,---,1585,1
frogs,---,1642,1
frogs,---,1663,1
fruit seller,Seller,1656,1
gallant,---,1585,1
gaoler,Prof,1634,1
gardeners,---,1590,1
gardner,Prof,1585,1
general Holophernes,OT,1590,1
general Holophernes,OT,1652,1
genii,---,1640,1
genius,---,1590,1
genius,---,1609,1
genius,---,1665,1
genius,---,1695,1
gentleman,---,1609,1
gentleman,---,1630,1
gentleman,---,1702,1
gentlemen,---,1588,1
gentlewoman of Brabant,Woman,1657,1
girl,---,1608,1
girl,---,1635,1
girl,---,1642,1
girl,---,1643,1
girl,---,1695,1
girl from Prague,Woman,1585,1
girl from Zurich,Woman,1585,1
glaziers,Prof,1540,1
goat,Animal,1585,1
goat,Animal,1594,1
goat,Animal,1630,1
goat,Animal,1638,1
goat,Animal,1640,1
goat,Animal,1641,1
goat,Animal,1642,1
goat,Animal,1643,1
goat,Animal,1645,1
goat,Animal,1695,1
goat,Animal,1726,1
goat,Animal,1734,1
goats,---,1572,1
goats,---,1573,1
goats,---,1585,1
goats,---,1615,1
goats,---,1635,1
goats,---,1640,2
goats,---,1642,1
goats,---,1670,1
goats,---,1723,1
god,---,1648,1
god,---,1676,1
goddess,---,1645,1
goddess,---,1676,1
gods,---,1608,1
gods,---,1641,1
gods,---,1642,1
gods,---,1643,1
gods,---,1644,1
gods,---,1667,1
goldsmiths,Prof,1585,1
goose,Animal,1633,1
groom,---,1585,1
groom,---,1620,1
groom,---,1622,1
group of glue makers,---,1594,1
guard,Prof,1577,1
guard,Prof,1585,1
guard,Prof,1644,1
guards,---,1565,1
guards,---,1583,1
guards,---,1585,1
guards,---,1615,1
guards,---,1635,1
guards,---,1643,2
guards,---,1688,1
guards,---,1695,3
guests,---,1552,1
guests,---,1672,1
handmaidens,Prof,1740,1
hare,Animal,1585,1
hare,Animal,1589,1
hare,Animal,1597,1
hare,Animal,1635,1
hare,Animal,1723,1
hares,---,1724,1
harlots,Prof,1646,1
harp-player,Prof,1543,1
harvesters,Prof,1703,1
hatters,---,1695,1
hawk,Animal,1633,1
hawk,Animal,1644,1
hawk,Animal,1646,1
hawks,---,1633,1
heavenly warriors,---,1594,1
helper,---,1530,1
helper,---,1568,1
helper,---,1594,1
helper,---,1634,1
helpers,---,1646,1
henchman,---,1585,1
herdsman,Prof,1585,1
herdsman,Prof,1618,1
herdsman,Prof,1622,1
herdsman,Prof,1641,1
herdsman,Prof,1646,1
herdsmen,---,1590,1
hermit,---,1595,1
hermit Saint,St,1592,1
heron,Animal,1633,1
high priest,---,1641,1
high priest Ruben,person,1630,1
hippocampus,---,1646,1
holy Family,---,1610,1
holy family,---,1585,1
holy family,---,1643,1
holy family,---,1645,1
holy women,---,1498,1
holy women,---,1695,2
horse,Animal,1528,1
horse,Animal,1542,1
horse,Animal,1551,1
horse,Animal,1555,1
horse,Animal,1560,1
horse,Animal,1563,1
horse,Animal,1573,1
horse,Animal,1574,1
horse,Animal,1576,1
horse,Animal,1579,2
horse,Animal,1580,1
horse,Animal,1582,1
horse,Animal,1583,1
horse,Animal,1585,7
horse,Animal,1587,1
horse,Animal,1590,2
horse,Animal,1592,1
horse,Animal,1594,2
horse,Animal,1599,2
horse,Animal,1600,2
horse,Animal,1602,1
horse,Animal,1606,1
horse,Animal,1608,2
horse,Animal,1609,1
horse,Animal,1613,1
horse,Animal,1616,1
horse,Animal,1617,1
horse,Animal,1618,2
horse,Animal,1620,1
horse,Animal,1621,1
horse,Animal,1623,1
horse,Animal,1630,1
horse,Animal,1633,1
horse,Animal,1635,3
horse,Animal,1637,1
horse,Animal,1640,1
horse,Animal,1641,6
horse,Animal,1642,4
horse,Animal,1643,1
horse,Animal,1644,1
horse,Animal,1645,3
horse,Animal,1646,3
horse,Animal,1647,1
horse,Animal,1649,2
horse,Animal,1650,1
horse,Animal,1651,2
horse,Animal,1652,1
horse,Animal,1656,1
horse,Animal,1657,1
horse,Animal,1665,1
horse,Animal,1672,1
horse,Animal,1675,1
horse,Animal,1683,1
horse,Animal,1688,3
horse,Animal,1695,3
horse,Animal,1715,1
horse,Animal,1728,1
horse,Animal,1734,1
horse,Animal,1736,1
horseman,---,1585,1
horseman,---,1610,1
horseman,---,1622,1
horseman,---,1723,2
horsemen,---,1617,1
horsemen,---,1640,1
horsemen,---,1641,2
horsemen,---,1646,1
horsemen,---,1651,1
horses,---,1503,1
horses,---,1556,1
horses,---,1585,1
horses,---,1587,1
horses,---,1590,1
horses,---,1601,1
horses,---,1613,1
horses,---,1618,1
horses,---,1619,1
horses,---,1623,2
horses,---,1640,1
horses,---,1645,2
horses,---,1646,3
horses,---,1648,1
horses,---,1650,1
horses,---,1656,1
hostess,Prof,1688,1
hounds,Animal,1594,1
hounds,Animal,1633,1
hounds,Animal,1646,1
human,---,1641,1
humanity,---,1649,1
hunter,---,1585,1
hunters,---,1640,1
hunters,---,1646,1
huntsman,Prof,1497,1
huntsman,Prof,1641,1
huntsman,Prof,1723,1
huntsmen,---,1594,1
huntsmen,---,1608,1
huntsmen,---,1633,1
huntsmen,---,1646,1
huntsmen,---,1656,1
huntsmen,---,1728,1
huntsmen,---,1736,1
husband,---,1585,1
husband,---,1634,1
husbands,---,1623,1
ice-skaters,---,1620,1
impudence,Personification,1585,1
infaltrymen,Prof,1651,1
infant,---,1642,1
infant,---,1650,1
infant,---,1663,1
infant Bacchus,---,1603,1
infant Baptist,---,1549,1
infant Christ,---,1585,1
infant Christ,---,1606,1
infant Christ,---,1610,1
infant Christ,---,1641,2
infant Christ,---,1643,1
infant Christ,---,1652,1
infant Jesus,---,1582,1
infant Jesus,---,1642,1
infantry,Prof,1641,1
infantry,Prof,1695,1
infants,---,1631,1
infidel,---,1585,1
infidels,---,1585,1
inhabitants,---,1634,1
inmates,---,1723,1
innkeeper,Prof,1652,1
innocents,---,1586,1
jester,Prof,1575,1
jester,Prof,1639,1
judges,---,1585,1
kid,---,1643,1
king,---,1526,1
king,---,1583,1
king,---,1592,1
king,---,1597,1
king,---,1608,1
king,---,1610,1
king,---,1624,1
king,---,1631,1
king,---,1695,1
king,---,1736,1
king Edmund,person,1596,1
king Latinus,---,1622,1
king Richard,---,1596,1
kings,---,1585,1
kings,---,1610,1
kings,---,1641,1
kings,---,1642,1
kings of the Orient,Nation,1645,1
kitchen maid,Prof,1622,1
knight,---,1649,1
labourers,Prof,1585,1
labourers,Prof,1630,1
labourers,Prof,1647,1
lady,---,1573,1
lady,---,1585,1
lady,---,1608,1
lady,---,1634,1
lady,---,1656,1
lady,---,1735,1
lady of Cologne,Woman,1670,1
lady of the English court,Woman,1641,1
lamb,Animal,1551,1
lamb,Animal,1585,2
lamb,Animal,1596,1
lamb,Animal,1608,1
lamb,Animal,1616,1
lamb,Animal,1630,1
lamb,Animal,1637,1
lamb,Animal,1646,1
lamb,Animal,1650,1
lamb,Animal,1662,1
lamb,Animal,1688,1
lamb,Animal,1695,1
lambs,---,1641,1
land owner,---,1703,1
land owner,---,1710,1
land-owner,---,1585,1
land-tenants,---,1590,1
landowner,---,1647,1
laymen,---,1646,1
leopard,Animal,1643,1
leopards,---,1518,1
lion,Animal,1528,1
lion,Animal,1573,1
lion,Animal,1575,1
lion,Animal,1585,2
lion,Animal,1589,2
lion,Animal,1592,1
lion,Animal,1594,2
lion,Animal,1608,1
lion,Animal,1625,1
lion,Animal,1630,1
lion,Animal,1635,2
lion,Animal,1641,3
lion,Animal,1642,1
lion,Animal,1643,3
lion,Animal,1645,1
lion,Animal,1646,2
lion,Animal,1651,1
lion,Animal,1652,1
lion,Animal,1657,1
lion,Animal,1672,1
lion,Animal,1679,1
lion,Animal,1688,1
lion,Animal,1695,1
lioness,Animal,1589,1
lions,---,1641,1
lions,---,1666,1
lions,---,1732,1
livestock,Animal,1582,1
lizard,Animal,1657,1
lotus-eaters,---,1608,1
lover,---,1573,1
lovers,---,1585,1
lutist,---,1543,1
mackerel seller,Seller,1533,1
maenads,---,1639,1
maenads,---,1640,1
maid,Prof,1567,1
maid,Prof,1573,1
maid,Prof,1585,1
maid,Prof,1590,1
maid,Prof,1634,1
maid,Prof,1641,1
maid,Prof,1643,1
maid,Prof,1646,1
maid,Prof,1660,1
maidens,---,1650,1
maidens,---,1688,1
maidens,---,1695,1
maids,---,1516,1
maids,---,1576,1
maids,---,1621,1
maids,---,1642,1
maids,---,1643,1
maids,---,1648,1
maidservant,Prof,1647,1
male,---,1582,1
male,---,1585,2
male,---,1597,1
male,---,1663,1
male,---,1695,2
male figure,---,1600,1
male nudes,---,1686,1
man,---,1512,1
man,---,1526,1
man,---,1545,1
man,---,1553,1
man,---,1555,3
man,---,1563,1
man,---,1564,2
man,---,1565,2
man,---,1566,2
man,---,1572,1
man,---,1573,3
man,---,1575,4
man,---,1576,2
man,---,1582,4
man,---,1585,17
man,---,1586,1
man,---,1587,1
man,---,1588,4
man,---,1589,4
man,---,1590,3
man,---,1592,1
man,---,1593,1
man,---,1594,1
man,---,1596,1
man,---,1599,1
man,---,1602,1
man,---,1605,1
man,---,1607,2
man,---,1608,1
man,---,1611,2
man,---,1613,1
man,---,1615,1
man,---,1617,1
man,---,1618,3
man,---,1622,2
man,---,1623,1
man,---,1625,1
man,---,1629,1
man,---,1630,2
man,---,1631,1
man,---,1632,1
man,---,1633,1
man,---,1634,4
man,---,1635,5
man,---,1636,1
man,---,1637,2
man,---,1639,1
man,---,1640,1
man,---,1641,15
man,---,1642,5
man,---,1643,1
man,---,1644,3
man,---,1645,4
man,---,1646,11
man,---,1648,3
man,---,1649,5
man,---,1650,2
man,---,1651,4
man,---,1652,3
man,---,1654,2
man,---,1655,1
man,---,1656,6
man,---,1657,1
man,---,1658,1
man,---,1659,2
man,---,1665,3
man,---,1667,5
man,---,1672,2
man,---,1682,1
man,---,1688,4
man,---,1689,1
man,---,1692,2
man,---,1693,2
man,---,1695,10
man,---,1707,1
man,---,1717,1
man,---,1723,2
man,---,1727,1
man,---,1750,1
mankind,---,1732,1
married woman of London,Woman,1641,1
married woman of London,Woman,1642,1
martyrs,---,1570,1
martyrs,---,1672,1
master,Prof,1585,1
master,Prof,1623,1
match seller,Seller,1635,1
mathematicians,Prof,1589,1
members of a confraternity,---,1641,1
men,---,1511,1
men,---,1515,1
men,---,1534,1
men,---,1555,1
men,---,1563,1
men,---,1565,1
men,---,1566,1
men,---,1567,1
men,---,1568,1
men,---,1573,2
men,---,1575,1
men,---,1576,1
men,---,1580,1
men,---,1581,1
men,---,1582,1
men,---,1585,13
men,---,1588,1
men,---,1589,2
men,---,1590,1
men,---,1591,2
men,---,1592,2
men,---,1594,2
men,---,1597,3
men,---,1598,1
men,---,1599,2
men,---,1600,2
men,---,1601,2
men,---,1606,1
men,---,1608,7
men,---,1609,2
men,---,1610,1
men,---,1611,1
men,---,1614,1
men,---,1616,1
men,---,1617,1
men,---,1618,1
men,---,1622,2
men,---,1623,1
men,---,1627,1
men,---,1628,1
men,---,1629,1
men,---,1632,1
men,---,1633,1
men,---,1635,3
men,---,1639,1
men,---,1640,2
men,---,1641,11
men,---,1643,2
men,---,1644,3
men,---,1645,3
men,---,1646,4
men,---,1649,2
men,---,1650,2
men,---,1651,4
men,---,1652,1
men,---,1653,2
men,---,1655,2
men,---,1656,2
men,---,1657,3
men,---,1658,1
men,---,1659,1
men,---,1663,1
men,---,1665,1
men,---,1666,1
men,---,1671,1
men,---,1672,4
men,---,1678,2
men,---,1688,2
men,---,1689,1
men,---,1695,6
men,---,1710,1
men,---,1735,1
men,---,1741,1
men,---,1750,1
men,---,1753,1
men,---,1783,1
men,---,1795,1
merchant's wife,---,1692,1
mermen,---,1573,1
mermen,---,1627,1
messenger,Prof,1567,1
metalworkers,Prof,1695,1
military door guard,Prof,1590,1
miners,---,1586,1
miser,---,1695,1
money,---,1585,1
money changers,Prof,1629,1
monk,Prof,1565,1
monk,Prof,1644,1
monk,Prof,1647,1
monkey,Animal,1578,1
monkey,Animal,1589,1
monkey,Animal,1622,1
monkey,Animal,1651,1
monkey,Animal,1655,2
monkey,Animal,1682,1
monkey,Animal,1695,1
monkey (Sun Wukong),---,1635,1
monks,---,1644,1
monsters,---,1695,1
monstrous figure,---,1695,1
monstrous fish,---,1585,1
monstrous fish,---,1676,1
mother,---,1585,1
mother,---,1597,1
mother,---,1623,1
mother,---,1627,1
mother,---,1634,1
mother,---,1643,1
mother,---,1646,2
mother,---,1647,1
mother,---,1649,1
mother,---,1663,1
mothers,---,1584,1
mountain goat,Animal,1650,1
mourners,Prof,1584,1
mouse,Animal,1597,1
mouse,Animal,1695,1
muleteer,Prof,1753,1
muse,---,1656,1
muses,---,1656,1
musician,---,1636,1
musicians,---,1585,1
musicians,---,1608,2
musicians,---,1641,1
musicians,---,1654,1
myrmidons,---,1585,1
mysteries,---,1646,1
mythological character,---,1641,1
native American,---,1605,1
native Americans,---,1605,1
needy,---,1643,1
neighbours,---,1589,1
neighbours,---,1634,1
nereid,---,1590,1
nobleman,---,1618,1
nobleman,---,1620,1
nobleman,---,1632,1
notary,Prof,1585,1
nun,---,1641,1
nuns,---,1600,1
nurses,---,1585,1
nymph,---,1585,1
nymph,---,1641,1
nymph,---,1648,1
nymphs,---,1551,1
nymphs,---,1619,1
nymphs,---,1637,1
nymphs,---,1640,1
nymphs,---,1641,2
nymphs,---,1642,2
nymphs,---,1643,1
nymphs,---,1645,1
nymphs,---,1646,1
nymphs,---,1656,1
nymphs,---,1693,1
nympth,---,1652,1
officer,Prof,1572,1
officer,Prof,1575,1
officers,---,1586,1
officials,---,1651,1
old man,---,1622,1
old man,---,1695,1
onlooker,---,1643,1
onlookers,---,1509,1
onlookers,---,1575,1
onlookers,---,1598,1
onlookers,---,1641,1
onlookers,---,1675,1
opponent,---,1645,1
oracle,Prof,1605,1
organist,Prof,1679,1
ostrich,Animal,1565,1
owl,Animal,1609,1
owl,Animal,1695,2
owls,---,1543,1
ox,Animal,1552,1
ox,Animal,1566,1
ox,Animal,1573,1
ox,Animal,1585,3
ox,Animal,1597,1
ox,Animal,1625,1
ox,Animal,1644,1
ox,Animal,1646,1
oxes,---,1634,1
painter,---,1665,1
parents,---,1568,1
parents,---,1674,1
parrot,Animal,1597,1
party,---,1631,1
passenger,---,1590,1
patience,Personification,1585,1
patient,---,1572,1
patient,---,1585,1
peacock,Animal,1640,1
peacock,Animal,1657,1
peacock,Animal,1660,1
peacock,Animal,1695,1
peacock,Animal,1705,1
peacock,Animal,1722,1
peacocks,---,1641,1
peacocks,---,1646,1
peacocks,---,1649,1
peacocks,---,1670,1
peasant,---,1570,1
peasant,---,1586,1
peasant,---,1590,1
peasant,---,1615,1
peasant,---,1635,1
peasant,---,1638,1
peasant,---,1641,1
peasant,---,1642,1
peasant,---,1645,1
peasant,---,1646,1
peasant,---,1661,1
peasant,---,1665,1
peasant,---,1672,1
peasant,---,1720,1
peasant,---,1728,1
peasant boy,---,1599,1
peasants,---,1585,2
peasants,---,1589,1
peasants,---,1618,1
peasants,---,1635,2
peasants,---,1642,1
peasants,---,1645,1
peasants,---,1646,1
peasants,---,1672,1
peasants,---,1750,1
pedlar,---,1584,1
people,---,1543,1
people,---,1566,1
people,---,1572,1
people,---,1573,1
people,---,1575,2
people,---,1582,1
people,---,1584,1
people,---,1585,4
people,---,1586,1
people,---,1604,1
people,---,1610,1
people,---,1616,1
people,---,1620,1
people,---,1622,1
people,---,1634,2
people,---,1635,2
people,---,1636,1
people,---,1641,4
people,---,1645,2
people,---,1646,2
people,---,1648,1
people,---,1649,2
people,---,1655,1
people,---,1665,1
people,---,1667,1
people,---,1669,1
people,---,1678,1
people,---,1683,1
people,---,1688,1
people,---,1695,4
people,---,1725,1
people,---,1750,1
philosopher,Prof,1573,1
philosopher,Prof,1585,1
philosophers,---,1582,1
physician,Prof,1585,1
pig,Animal,1572,1
pig,Animal,1646,1
pigeons,---,1633,1
pigs,---,1585,1
pigs,---,1586,1
pigs,---,1639,2
pigs,---,1645,1
pigs,---,1665,1
pikeman,Prof,1651,1
pikemen,---,1652,1
poet,Prof,1587,1
poor,---,1572,1
poor,---,1643,2
poor,---,1657,1
pope,---,1597,1
pope,---,1630,1
pope,---,1649,1
pope,---,1731,1
porcupine,Animal,1643,1
porter,Prof,1585,1
pride,---,1695,1
priest,Prof,1509,1
priest,Prof,1573,1
priest,Prof,1585,2
priest,Prof,1618,1
priest,Prof,1636,1
priest,Prof,1641,1
priest,Prof,1643,1
priest,Prof,1644,1
priest,Prof,1656,1
priest Jehoiada,---,1635,1
priests,Prof,1592,1
priests,Prof,1597,1
priests,Prof,1635,2
priests,Prof,1638,1
priests,Prof,1644,1
princess,---,1688,1
prisoner,---,1585,1
procession,---,1573,1
procession,---,1600,1
procession,---,1645,1
proconsul,Prof,1655,1
progeny,---,1602,1
prophet,---,1604,1
prophet Ahijah,---,1594,1
prophet Ezekiel,---,1585,1
prophet Jeremiah,---,1693,1
prophets,---,1665,1
prostitutes,Prof,1723,1
pupils,---,1645,1
putti,---,1509,1
putti,---,1526,1
putti,---,1543,1
putti,---,1552,1
putti,---,1565,1
putti,---,1585,5
putti,---,1586,2
putti,---,1589,1
putti,---,1603,1
putti,---,1608,1
putti,---,1618,1
putti,---,1619,1
putti,---,1622,1
putti,---,1635,3
putti,---,1640,2
putti,---,1645,3
putti,---,1646,4
putti,---,1647,1
putti,---,1648,1
putti,---,1649,2
putti,---,1650,2
putti,---,1656,1
putti,---,1657,3
putti,---,1659,1
putti,---,1664,1
putti,---,1688,1
putti,---,1695,3
putti,---,1727,1
putti,---,1728,1
puttis,---,1597,1
putto,---,1497,1
putto,---,1585,2
putto,---,1586,1
putto,---,1622,1
putto,---,1635,1
putto,---,1641,1
putto,---,1643,1
putto,---,1645,1
putto,---,1656,1
putto,---,1672,1
putto,---,1734,1
quaker girl,---,1641,1
quarrelsome,---,1585,1
queen,---,1583,1
queen,---,1703,1
queen from the Greek,---,1626,1
queen of Carthage,---,1620,1
queens,---,1641,1
rabbit,Animal,1666,1
rabbits,---,1580,1
rabbits,---,1582,1
rabbits,---,1643,1
rabbits,---,1728,1
ram,Animal,1625,1
ram,Animal,1630,1
ram,Animal,1643,1
ram,Animal,1650,1
rams,---,1582,1
rat,Animal,1585,1
ravens,---,1552,1
revellers,---,1640,1
rhino,Animal,1565,1
rider,---,1560,1
rider,---,1602,1
rider,---,1618,1
rider,---,1641,3
rider,---,1645,1
rider,---,1651,1
riders,---,1497,1
riders,---,1607,1
river deities,---,1590,1
river god,---,1608,1
river goddesses,---,1655,1
river gods,---,1619,1
river gods,---,1641,1
sailors,---,1585,1
sailors,---,1635,1
saint,---,1585,2
saint,---,1598,1
saint,---,1601,1
saint,---,1651,1
saint,---,1652,1
saint,---,1656,1
saint,---,1688,1
saint,---,1727,1
saints,---,1576,1
saints,---,1582,1
saints,---,1584,1
saints,---,1585,2
saints,---,1589,2
saints,---,1641,1
saints,---,1652,1
saints,---,1688,1
satyr,---,1575,1
satyr,---,1585,1
satyr,---,1598,1
satyr,---,1606,1
satyr,---,1641,2
satyr,---,1643,2
satyr,---,1646,1
satyr,---,1658,1
satyr,---,1676,1
satyr,---,1726,1
satyr,---,1734,1
satyr,---,1740,1
satyrs,---,1637,1
satyrs,---,1640,3
satyrs,---,1642,1
satyrs,---,1643,1
satyrs,---,1734,1
satyrs,---,1740,1
savoyard peep show owner,---,1641,1
scholars,Prof,1654,1
scouts,Prof,1672,1
scribes,---,1591,1
scribes,---,1592,1
sculptor,---,1641,1
sculptor,---,1665,1
sea creatures,---,1641,1
sea creatures,---,1695,1
sea horses,---,1647,1
sea monster,---,1641,1
sea monster,---,1648,1
sea stag,---,1575,1
sea-creature,---,1625,1
sea-horse,---,1646,1
sea-horses,---,1589,1
sea-monster,---,1556,1
secretary,Prof,1583,1
seller of fireplace tools,Seller,1679,1
seller of pastries,Seller,1590,1
senators,Prof,1582,1
serpent,Animal,1585,3
serpent,Animal,1589,2
serpent,Animal,1597,1
serpent,Animal,1613,1
serpent,Animal,1622,1
serpent,Animal,1641,3
serpent,Animal,1645,1
serpent,Animal,1651,1
serpent,Animal,1672,1
serpent,Animal,1703,1
serpents,---,1651,1
servant,Prof,1565,1
servant,Prof,1567,1
servant,Prof,1573,1
servant,Prof,1585,5
servant,Prof,1586,1
servant,Prof,1590,1
servant,Prof,1608,1
servant,Prof,1624,1
servant,Prof,1631,1
servant,Prof,1635,1
servant,Prof,1638,1
servant,Prof,1641,1
servant,Prof,1643,1
servant,Prof,1657,1
servant,Prof,1661,1
servant,Prof,1678,1
servant,Prof,1688,1
servant,Prof,1695,1
servants,---,1526,1
servants,---,1585,1
servants,---,1591,1
servants,---,1615,1
servants,---,1622,1
servants,---,1623,1
servants,---,1635,2
serving-woman,Prof,1723,1
she-goat,Animal,1640,1
she-goat,Animal,1676,1
she-wolf,Animal,1645,1
sheep,Animal,1553,1
sheep,Animal,1582,2
sheep,Animal,1585,3
sheep,Animal,1586,1
sheep,Animal,1589,1
sheep,Animal,1618,1
sheep,Animal,1627,1
sheep,Animal,1630,1
sheep,Animal,1635,2
sheep,Animal,1637,1
sheep,Animal,1641,1
sheep,Animal,1642,1
sheep,Animal,1645,1
sheep,Animal,1646,1
sheep,Animal,1648,1
sheep,Animal,1650,1
sheep,Animal,1657,1
shepherd,Prof,1550,1
shepherd,Prof,1553,1
shepherd,Prof,1582,1
shepherd,Prof,1583,1
shepherd,Prof,1589,1
shepherd,Prof,1616,1
shepherd,Prof,1634,1
shepherd,Prof,1635,1
shepherd,Prof,1639,1
shepherd,Prof,1640,1
shepherd,Prof,1641,1
shepherd,Prof,1642,1
shepherd,Prof,1646,2
shepherd,Prof,1655,1
shepherd,Prof,1683,1
shepherd,Prof,1695,1
shepherdess,Prof,1553,1
shepherdess,Prof,1635,1
shepherdess,Prof,1641,1
shepherds,---,1529,1
shepherds,---,1552,1
shepherds,---,1572,1
shepherds,---,1582,1
shepherds,---,1583,1
shepherds,---,1585,2
shepherds,---,1608,1
shepherds,---,1615,1
shepherds,---,1616,1
shepherds,---,1618,1
shepherds,---,1619,1
shepherds,---,1622,1
shepherds,---,1640,1
shepherds,---,1643,1
shepherds,---,1646,1
shepherds,---,1665,1
shepherds,---,1688,1
shepherds,---,1695,1
shepherds,---,1728,1
shunammite woman,OT,1585,1
sibyls,---,1585,1
sibyls,---,1672,1
sick,---,1585,1
sick,---,1643,1
sick,---,1695,1
silkworm,Animal,1661,1
silkworms,---,1661,1
silkworms,---,1695,1
sirens,---,1596,1
sirens,---,1695,1
sister,---,1609,1
sisters,---,1640,1
skaters,---,1640,1
skaters,---,1642,1
skeleton,---,1585,1
skeleton,---,1592,1
skeleton,---,1597,1
skeleton,---,1648,1
slave,Prof,1735,1
smokers,---,1688,1
snake,Animal,1512,1
snake,Animal,1555,1
snake,Animal,1572,1
snake,Animal,1573,1
snake,Animal,1585,1
snake,Animal,1592,1
snake,Animal,1601,1
snake,Animal,1641,1
snake,Animal,1656,1
snake,Animal,1729,1
snakes,---,1540,1
snakes,---,1543,2
snakes,---,1641,1
snakes,---,1643,1
snakes,---,1645,1
snakes,---,1649,1
soldier,Prof,1503,1
soldier,Prof,1577,1
soldier,Prof,1579,1
soldier,Prof,1585,5
soldier,Prof,1600,1
soldier,Prof,1606,1
soldier,Prof,1609,1
soldier,Prof,1623,1
soldier,Prof,1637,1
soldier,Prof,1642,1
soldier,Prof,1645,1
soldier,Prof,1646,1
soldier,Prof,1649,1
soldier,Prof,1650,1
soldier,Prof,1651,1
soldier,Prof,1675,1
soldier,Prof,1695,2
soldier,Prof,1732,1
soldier,Prof,1735,1
soldiers,---,1503,1
soldiers,---,1516,1
soldiers,---,1520,1
soldiers,---,1543,1
soldiers,---,1552,1
soldiers,---,1573,1
soldiers,---,1574,1
soldiers,---,1575,1
soldiers,---,1576,1
soldiers,---,1577,1
soldiers,---,1581,1
soldiers,---,1582,1
soldiers,---,1583,1
soldiers,---,1585,4
soldiers,---,1589,3
soldiers,---,1590,2
soldiers,---,1592,1
soldiers,---,1593,1
soldiers,---,1594,1
soldiers,---,1597,1
soldiers,---,1598,1
soldiers,---,1600,1
soldiers,---,1601,2
soldiers,---,1602,1
soldiers,---,1603,1
soldiers,---,1604,1
soldiers,---,1605,1
soldiers,---,1606,1
soldiers,---,1608,4
soldiers,---,1609,1
soldiers,---,1613,2
soldiers,---,1619,1
soldiers,---,1621,1
soldiers,---,1622,4
soldiers,---,1623,2
soldiers,---,1628,1
soldiers,---,1630,1
soldiers,---,1634,1
soldiers,---,1635,2
soldiers,---,1636,1
soldiers,---,1638,1
soldiers,---,1641,1
soldiers,---,1642,2
soldiers,---,1643,4
soldiers,---,1644,1
soldiers,---,1645,2
soldiers,---,1646,1
soldiers,---,1647,1
soldiers,---,1649,1
soldiers,---,1651,1
soldiers,---,1652,1
soldiers,---,1656,1
soldiers,---,1657,1
soldiers,---,1670,1
soldiers,---,1672,2
soldiers,---,1688,1
soldiers,---,1694,1
soldiers,---,1695,3
soldiers,---,1699,1
soldiers,---,1703,1
soldiers,---,1710,1
soldiers,---,1718,1
soldiers,---,1726,1
soldiers,---,1732,1
son,---,1573,1
son,---,1575,1
son,---,1585,2
son,---,1600,1
son,---,1639,1
son,---,1641,1
son,---,1646,1
son,---,1650,1
son,---,1672,1
sons,---,1526,1
sons,---,1644,1
sons,---,1645,1
sons,---,1650,1
sons,---,1651,1
souls,---,1634,1
sow gelder,---,1585,1
spectators,---,1585,2
spectators,---,1604,1
spectators,---,1643,1
spectators,---,1734,1
sphinxes,---,1649,1
spirits,---,1646,1
stag,---,1600,1
stag,---,1643,1
stag,---,1728,1
stone marker,Prof,1725,1
stork,Animal,1549,1
street seller,Seller,1641,1
street trader,Seller,1566,1
street trader,Seller,1635,1
street trader,Seller,1644,1
street trader,Seller,1645,1
street trader,Seller,1725,1
student draughtsman,---,1649,1
students,---,1543,1
students,---,1585,1
students,---,1617,1
subjects,---,1651,1
suite,---,1734,1
suitors,---,1585,1
suitors,---,1608,1
sun god,---,1627,1
survivors,---,1656,1
swan,Animal,1622,1
swans,---,1619,1
swine,Animal,1646,1
swine,Animal,1727,1
swineherd,Prof,1645,1
swineherd,Prof,1650,1
t Anthony Abbot,---,1662,1
tailors,Prof,1641,1
tailors,Prof,1695,1
taskmasters,Prof,1638,1
theological virtues,---,1620,1
thieves,---,1656,1
tiger,Animal,1643,1
torturers,---,1672,1
toy seller,Seller,1646,1
traveller,---,1647,1
travellers,---,1585,1
travellers,---,1587,1
travellers,---,1618,1
travellers,---,1646,1
travellers,---,1651,1
travellers,---,1665,1
travellers,---,1713,1
triton,---,1575,1
triton,---,1585,1
triton,---,1674,1
tritonesses,---,1585,1
tritonesses,---,1590,1
tritons,---,1543,1
tritons,---,1589,1
tritons,---,1590,1
tritons,---,1635,1
troops,---,1585,1
troops,---,1621,1
trumpeter,Prof,1608,1
trumpeters,---,1726,1
turner,Prof,1637,1
turtle,Animal,1650,1
turtle,Animal,1705,1
unicorn,---,1643,1
vices,---,1670,1
vinegar seller,Seller,1641,1
virgin,---,1644,1
virgins,---,1543,1
virgins,---,1650,1
virtues,---,1575,1
virtues,---,1585,1
virtues,---,1631,1
virtues,---,1638,1
viscount,Prof,1573,1
vulture,Animal,1642,1
vulture,Animal,1649,1
vulture,Animal,1652,1
waitress,Prof,1642,1
warder,Prof,1723,1
warrior,Prof,1622,1
warrior,Prof,1635,1
warriors,---,1608,1
warriors,---,1619,1
warriors,---,1652,1
warriors,---,1683,1
water carrier,---,1641,1
water-dragon,---,1511,1
whale,Animal,1694,1
wharf workers,Prof,1727,1
widow,---,1524,1
widow,---,1573,1
widow,---,1641,1
widow from Zarephath,OT,1575,1
widow's son,OT,1575,1
wife,---,1582,1
wife,---,1585,1
wife,---,1602,1
wife,---,1609,1
wife,---,1642,1
wife,---,1643,1
wife,---,1652,1
wife,---,1657,1
winds,---,1585,1
winged boys,---,1676,1
winged creatures,---,1644,1
winged female figure,---,1695,1
winged females,---,1585,1
wives,---,1597,1
wives,---,1659,1
wives,---,1665,1
wolf,Animal,1580,1
wolf,Animal,1594,1
wolves,---,1580,1
woman,---,1509,1
woman,---,1518,1
woman,---,1547,1
woman,---,1555,1
woman,---,1561,1
woman,---,1564,1
woman,---,1566,1
woman,---,1567,2
woman,---,1573,2
woman,---,1575,2
woman,---,1576,1
woman,---,1577,1
woman,---,1582,2
woman,---,1584,1
woman,---,1585,14
woman,---,1586,3
woman,---,1589,5
woman,---,1590,1
woman,---,1594,2
woman,---,1597,1
woman,---,1602,1
woman,---,1608,1
woman,---,1609,1
woman,---,1610,1
woman,---,1611,2
woman,---,1618,1
woman,---,1619,1
woman,---,1622,4
woman,---,1623,2
woman,---,1625,1
woman,---,1630,1
woman,---,1632,1
woman,---,1633,1
woman,---,1634,2
woman,---,1635,6
woman,---,1636,2
woman,---,1637,1
woman,---,1639,1
woman,---,1640,3
woman,---,1641,6
woman,---,1642,4
woman,---,1643,3
woman,---,1644,2
woman,---,1646,6
woman,---,1647,1
woman,---,1648,2
woman,---,1649,2
woman,---,1650,3
woman,---,1651,3
woman,---,1656,2
woman,---,1657,2
woman,---,1659,1
woman,---,1661,1
woman,---,1672,1
woman,---,1678,2
woman,---,1682,2
woman,---,1683,1
woman,---,1688,1
woman,---,1695,5
woman,---,1717,1
woman,---,1723,1
woman,---,1732,1
woman,---,1734,1
woman,---,1735,1
woman,---,1740,1
woman from Bern,Woman,1564,1
woman from Dieppe,Woman,1648,1
woman from London,Woman,1585,1
woman from Prague,Woman,1646,1
woman of London,Woman,1569,1
woman of Nuremberg,Woman,1648,1
woman of Samaria,NT,1599,1
woman of Samaria,NT,1601,1
woman of Upper Austria,Woman,1696,1
woman of the Apocalypse,NT,1586,1
women,---,1514,1
women,---,1530,1
women,---,1532,1
women,---,1540,1
women,---,1543,1
women,---,1565,1
women,---,1577,1
women,---,1582,2
women,---,1585,4
women,---,1586,2
women,---,1587,1
women,---,1592,1
women,---,1608,1
women,---,1609,1
women,---,1618,1
women,---,1619,1
women,---,1622,1
women,---,1623,1
women,---,1627,1
women,---,1629,1
women,---,1630,1
women,---,1632,1
women,---,1635,1
women,---,1639,1
women,---,1640,2
women,---,1641,3
women,---,1643,2
women,---,1646,1
women,---,1648,1
women,---,1649,1
women,---,1650,2
women,---,1651,1
women,---,1656,1
women,---,1659,1
women,---,1661,1
women,---,1663,1
women,---,1680,1
women,---,1688,2
women,---,1695,4
women,---,1723,1
women,---,1795,1
women ,---,1585,1
workers,Prof,1581,1
workers,Prof,1584,1
workers,Prof,1647,1
workers,Prof,1656,1
workmen,---,1566,1
workmen,---,1579,1
workmen,---,1616,1
workmen,---,1641,1
workmen,---,1651,1
worshippers,---,1636,1
writing ink seller,Seller,1630,1
young girl,---,1565,1
youth,---,1530,1
youth,---,1551,1
youth,---,1552,1
youth,---,1622,2
youth,---,1656,1
 Holy Spirit,---,1695,1
 Pietro Aretino,---,1573,1
 woman,---,1641,1